ISO-10303-21;
HEADER;
/* Generated by software containing ST-Developer
 * from STEP Tools, Inc. (www.steptools.com) 
 */

FILE_DESCRIPTION(
/* description */ (''),
/* implementation_level */ '2;1');

FILE_NAME(
/* name */ 'heatsink-nema-14-17.step',
/* time_stamp */ '2025-12-23T02:50:02-08:00',
/* author */ (''),
/* organization */ (''),
/* preprocessor_version */ 'ST-DEVELOPER v20.1',
/* originating_system */ 'Autodesk Translation Framework v14.21.0.0',
/* authorisation */ '');

FILE_SCHEMA (('AUTOMOTIVE_DESIGN { 1 0 10303 214 3 1 1 }'));
ENDSEC;

DATA;
#10=MECHANICAL_DESIGN_GEOMETRIC_PRESENTATION_REPRESENTATION('',(#17),#3958);
#11=ITEM_DEFINED_TRANSFORMATION($,$,#2356,#2578);
#12=(
REPRESENTATION_RELATIONSHIP($,$,#3969,#3968)
REPRESENTATION_RELATIONSHIP_WITH_TRANSFORMATION(#11)
SHAPE_REPRESENTATION_RELATIONSHIP()
);
#13=CONTEXT_DEPENDENT_SHAPE_REPRESENTATION(#12,#3967);
#14=NEXT_ASSEMBLY_USAGE_OCCURRENCE('SOLID (14):1','SOLID (14):1',
'SOLID (14):1',#3971,#3972,'SOLID (14):1');
#15=SHAPE_REPRESENTATION_RELATIONSHIP('SRR','None',#3969,#16);
#16=ADVANCED_BREP_SHAPE_REPRESENTATION('',(#18),#3957);
#17=STYLED_ITEM('',(#3983),#18);
#18=MANIFOLD_SOLID_BREP('Body1',#2342);
#19=FACE_BOUND('',#315,.T.);
#20=FACE_BOUND('',#317,.T.);
#21=FACE_BOUND('',#321,.T.);
#22=FACE_BOUND('',#323,.T.);
#23=FACE_BOUND('',#329,.T.);
#24=FACE_BOUND('',#331,.T.);
#25=FACE_BOUND('',#342,.T.);
#26=FACE_BOUND('',#359,.T.);
#27=FACE_BOUND('',#360,.T.);
#28=FACE_BOUND('',#361,.T.);
#29=CIRCLE('',#2359,3.);
#30=CIRCLE('',#2360,3.);
#31=CIRCLE('',#2362,4.5);
#32=CIRCLE('',#2363,1.);
#33=CIRCLE('',#2364,1.);
#34=CIRCLE('',#2365,9.23125352984);
#35=CIRCLE('',#2366,2.85);
#36=CIRCLE('',#2367,4.5);
#37=CIRCLE('',#2368,1.);
#38=CIRCLE('',#2369,1.);
#39=CIRCLE('',#2370,4.5);
#40=CIRCLE('',#2371,3.);
#41=CIRCLE('',#2372,1.904810933331);
#42=CIRCLE('',#2373,1.904810933331);
#43=CIRCLE('',#2376,3.);
#44=CIRCLE('',#2380,1.6);
#45=CIRCLE('',#2381,1.60000000000001);
#46=CIRCLE('',#2385,1.6);
#47=CIRCLE('',#2386,1.60000000000001);
#48=CIRCLE('',#2391,1.60000000000001);
#49=CIRCLE('',#2392,1.6);
#50=CIRCLE('',#2395,1.60000000000001);
#51=CIRCLE('',#2396,1.6);
#52=CIRCLE('',#2399,4.5);
#53=CIRCLE('',#2400,1.);
#54=CIRCLE('',#2401,1.);
#55=CIRCLE('',#2402,1.);
#56=CIRCLE('',#2403,4.5);
#57=CIRCLE('',#2404,1.6);
#58=CIRCLE('',#2406,4.5);
#59=CIRCLE('',#2407,2.85);
#60=CIRCLE('',#2408,9.23125352984);
#61=CIRCLE('',#2409,1.);
#62=CIRCLE('',#2410,1.);
#63=CIRCLE('',#2411,4.5);
#64=CIRCLE('',#2412,1.6);
#65=CIRCLE('',#2416,4.5);
#66=CIRCLE('',#2417,1.);
#67=CIRCLE('',#2418,1.);
#68=CIRCLE('',#2419,1.);
#69=CIRCLE('',#2420,4.5);
#70=CIRCLE('',#2421,1.6);
#71=CIRCLE('',#2423,4.5);
#72=CIRCLE('',#2424,2.85);
#73=CIRCLE('',#2425,4.5);
#74=CIRCLE('',#2426,1.6);
#75=CIRCLE('',#2428,4.5);
#76=CIRCLE('',#2430,4.5);
#77=CIRCLE('',#2432,4.5);
#78=CIRCLE('',#2433,4.5);
#79=CIRCLE('',#2435,4.5);
#80=CIRCLE('',#2436,4.5);
#81=CIRCLE('',#2438,1.904810933331);
#82=CIRCLE('',#2439,1.904810933331);
#83=CIRCLE('',#2440,1.6);
#84=CIRCLE('',#2442,4.5);
#85=CIRCLE('',#2443,1.);
#86=CIRCLE('',#2444,1.);
#87=CIRCLE('',#2445,1.);
#88=CIRCLE('',#2446,4.5);
#89=CIRCLE('',#2447,1.6);
#90=CIRCLE('',#2449,4.5);
#91=CIRCLE('',#2450,4.5);
#92=CIRCLE('',#2458,2.85);
#93=CIRCLE('',#2460,1.);
#94=CIRCLE('',#2461,1.);
#95=CIRCLE('',#2462,1.);
#96=CIRCLE('',#2463,1.);
#97=CIRCLE('',#2464,2.85);
#98=CIRCLE('',#2465,4.5);
#99=CIRCLE('',#2467,4.5);
#100=CIRCLE('',#2468,2.85);
#101=CIRCLE('',#2469,1.6);
#102=CIRCLE('',#2486,1.45);
#103=CIRCLE('',#2487,1.);
#104=CIRCLE('',#2488,1.);
#105=CIRCLE('',#2489,1.);
#106=CIRCLE('',#2490,1.);
#107=CIRCLE('',#2491,1.);
#108=CIRCLE('',#2492,1.);
#109=CIRCLE('',#2493,1.);
#110=CIRCLE('',#2494,1.);
#111=CIRCLE('',#2495,1.);
#112=CIRCLE('',#2496,1.);
#113=CIRCLE('',#2497,1.);
#114=CIRCLE('',#2498,1.);
#115=CIRCLE('',#2499,1.);
#116=CIRCLE('',#2500,1.);
#117=CIRCLE('',#2501,1.);
#118=CIRCLE('',#2502,1.45);
#119=CIRCLE('',#2503,1.6);
#120=CIRCLE('',#2504,1.904810933331);
#121=CIRCLE('',#2505,1.904810933331);
#122=CIRCLE('',#2506,3.533392647966);
#123=CIRCLE('',#2507,4.905694585729);
#124=CIRCLE('',#2520,1.);
#125=CIRCLE('',#2524,1.);
#126=CIRCLE('',#2541,1.45);
#127=CIRCLE('',#2543,1.6);
#128=CIRCLE('',#2545,1.45);
#129=CIRCLE('',#2562,3.533392647966);
#130=CIRCLE('',#2564,4.905694585729);
#131=CYLINDRICAL_SURFACE('',#2358,3.);
#132=CYLINDRICAL_SURFACE('',#2375,3.);
#133=CYLINDRICAL_SURFACE('',#2379,1.60000000000001);
#134=CYLINDRICAL_SURFACE('',#2384,1.60000000000001);
#135=CYLINDRICAL_SURFACE('',#2390,1.60000000000001);
#136=CYLINDRICAL_SURFACE('',#2394,1.60000000000001);
#137=CYLINDRICAL_SURFACE('',#2413,4.5);
#138=CYLINDRICAL_SURFACE('',#2414,4.5);
#139=CYLINDRICAL_SURFACE('',#2427,4.5);
#140=CYLINDRICAL_SURFACE('',#2429,4.5);
#141=CYLINDRICAL_SURFACE('',#2431,4.5);
#142=CYLINDRICAL_SURFACE('',#2434,4.5);
#143=CYLINDRICAL_SURFACE('',#2448,4.5);
#144=CYLINDRICAL_SURFACE('',#2457,2.85);
#145=CYLINDRICAL_SURFACE('',#2470,2.85);
#146=CYLINDRICAL_SURFACE('',#2483,4.5);
#147=CYLINDRICAL_SURFACE('',#2509,1.);
#148=CYLINDRICAL_SURFACE('',#2511,1.);
#149=CYLINDRICAL_SURFACE('',#2513,9.23125352984);
#150=CYLINDRICAL_SURFACE('',#2514,2.85);
#151=CYLINDRICAL_SURFACE('',#2515,1.);
#152=CYLINDRICAL_SURFACE('',#2519,1.);
#153=CYLINDRICAL_SURFACE('',#2523,1.);
#154=CYLINDRICAL_SURFACE('',#2527,1.904810933331);
#155=CYLINDRICAL_SURFACE('',#2528,1.904810933331);
#156=CYLINDRICAL_SURFACE('',#2531,1.);
#157=CYLINDRICAL_SURFACE('',#2533,1.);
#158=CYLINDRICAL_SURFACE('',#2535,1.);
#159=CYLINDRICAL_SURFACE('',#2537,1.);
#160=CYLINDRICAL_SURFACE('',#2539,1.);
#161=CYLINDRICAL_SURFACE('',#2540,1.45);
#162=CYLINDRICAL_SURFACE('',#2542,1.6);
#163=CYLINDRICAL_SURFACE('',#2544,1.45);
#164=CYLINDRICAL_SURFACE('',#2546,1.);
#165=CYLINDRICAL_SURFACE('',#2548,1.);
#166=CYLINDRICAL_SURFACE('',#2550,1.);
#167=CYLINDRICAL_SURFACE('',#2551,1.);
#168=CYLINDRICAL_SURFACE('',#2553,1.);
#169=CYLINDRICAL_SURFACE('',#2555,1.);
#170=CYLINDRICAL_SURFACE('',#2556,1.);
#171=CYLINDRICAL_SURFACE('',#2558,1.);
#172=CYLINDRICAL_SURFACE('',#2561,3.533392647966);
#173=CYLINDRICAL_SURFACE('',#2563,4.905694585729);
#174=CYLINDRICAL_SURFACE('',#2572,1.6);
#175=CYLINDRICAL_SURFACE('',#2576,1.6);
#176=CYLINDRICAL_SURFACE('',#2577,1.6);
#177=FACE_OUTER_BOUND('',#296,.T.);
#178=FACE_OUTER_BOUND('',#297,.T.);
#179=FACE_OUTER_BOUND('',#298,.T.);
#180=FACE_OUTER_BOUND('',#299,.T.);
#181=FACE_OUTER_BOUND('',#300,.T.);
#182=FACE_OUTER_BOUND('',#301,.T.);
#183=FACE_OUTER_BOUND('',#302,.T.);
#184=FACE_OUTER_BOUND('',#303,.T.);
#185=FACE_OUTER_BOUND('',#304,.T.);
#186=FACE_OUTER_BOUND('',#305,.T.);
#187=FACE_OUTER_BOUND('',#306,.T.);
#188=FACE_OUTER_BOUND('',#307,.T.);
#189=FACE_OUTER_BOUND('',#308,.T.);
#190=FACE_OUTER_BOUND('',#309,.T.);
#191=FACE_OUTER_BOUND('',#310,.T.);
#192=FACE_OUTER_BOUND('',#311,.T.);
#193=FACE_OUTER_BOUND('',#312,.T.);
#194=FACE_OUTER_BOUND('',#313,.T.);
#195=FACE_OUTER_BOUND('',#314,.T.);
#196=FACE_OUTER_BOUND('',#316,.T.);
#197=FACE_OUTER_BOUND('',#318,.T.);
#198=FACE_OUTER_BOUND('',#319,.T.);
#199=FACE_OUTER_BOUND('',#320,.T.);
#200=FACE_OUTER_BOUND('',#322,.T.);
#201=FACE_OUTER_BOUND('',#324,.T.);
#202=FACE_OUTER_BOUND('',#325,.T.);
#203=FACE_OUTER_BOUND('',#326,.T.);
#204=FACE_OUTER_BOUND('',#327,.T.);
#205=FACE_OUTER_BOUND('',#328,.T.);
#206=FACE_OUTER_BOUND('',#330,.T.);
#207=FACE_OUTER_BOUND('',#332,.T.);
#208=FACE_OUTER_BOUND('',#333,.T.);
#209=FACE_OUTER_BOUND('',#334,.T.);
#210=FACE_OUTER_BOUND('',#335,.T.);
#211=FACE_OUTER_BOUND('',#336,.T.);
#212=FACE_OUTER_BOUND('',#337,.T.);
#213=FACE_OUTER_BOUND('',#338,.T.);
#214=FACE_OUTER_BOUND('',#339,.T.);
#215=FACE_OUTER_BOUND('',#340,.T.);
#216=FACE_OUTER_BOUND('',#341,.T.);
#217=FACE_OUTER_BOUND('',#343,.T.);
#218=FACE_OUTER_BOUND('',#344,.T.);
#219=FACE_OUTER_BOUND('',#345,.T.);
#220=FACE_OUTER_BOUND('',#346,.T.);
#221=FACE_OUTER_BOUND('',#347,.T.);
#222=FACE_OUTER_BOUND('',#348,.T.);
#223=FACE_OUTER_BOUND('',#349,.T.);
#224=FACE_OUTER_BOUND('',#350,.T.);
#225=FACE_OUTER_BOUND('',#351,.T.);
#226=FACE_OUTER_BOUND('',#352,.T.);
#227=FACE_OUTER_BOUND('',#353,.T.);
#228=FACE_OUTER_BOUND('',#354,.T.);
#229=FACE_OUTER_BOUND('',#355,.T.);
#230=FACE_OUTER_BOUND('',#356,.T.);
#231=FACE_OUTER_BOUND('',#357,.T.);
#232=FACE_OUTER_BOUND('',#358,.T.);
#233=FACE_OUTER_BOUND('',#362,.T.);
#234=FACE_OUTER_BOUND('',#363,.T.);
#235=FACE_OUTER_BOUND('',#364,.T.);
#236=FACE_OUTER_BOUND('',#365,.T.);
#237=FACE_OUTER_BOUND('',#366,.T.);
#238=FACE_OUTER_BOUND('',#367,.T.);
#239=FACE_OUTER_BOUND('',#368,.T.);
#240=FACE_OUTER_BOUND('',#369,.T.);
#241=FACE_OUTER_BOUND('',#370,.T.);
#242=FACE_OUTER_BOUND('',#371,.T.);
#243=FACE_OUTER_BOUND('',#372,.T.);
#244=FACE_OUTER_BOUND('',#373,.T.);
#245=FACE_OUTER_BOUND('',#374,.T.);
#246=FACE_OUTER_BOUND('',#375,.T.);
#247=FACE_OUTER_BOUND('',#376,.T.);
#248=FACE_OUTER_BOUND('',#377,.T.);
#249=FACE_OUTER_BOUND('',#378,.T.);
#250=FACE_OUTER_BOUND('',#379,.T.);
#251=FACE_OUTER_BOUND('',#380,.T.);
#252=FACE_OUTER_BOUND('',#381,.T.);
#253=FACE_OUTER_BOUND('',#382,.T.);
#254=FACE_OUTER_BOUND('',#383,.T.);
#255=FACE_OUTER_BOUND('',#384,.T.);
#256=FACE_OUTER_BOUND('',#385,.T.);
#257=FACE_OUTER_BOUND('',#386,.T.);
#258=FACE_OUTER_BOUND('',#387,.T.);
#259=FACE_OUTER_BOUND('',#388,.T.);
#260=FACE_OUTER_BOUND('',#389,.T.);
#261=FACE_OUTER_BOUND('',#390,.T.);
#262=FACE_OUTER_BOUND('',#391,.T.);
#263=FACE_OUTER_BOUND('',#392,.T.);
#264=FACE_OUTER_BOUND('',#393,.T.);
#265=FACE_OUTER_BOUND('',#394,.T.);
#266=FACE_OUTER_BOUND('',#395,.T.);
#267=FACE_OUTER_BOUND('',#396,.T.);
#268=FACE_OUTER_BOUND('',#397,.T.);
#269=FACE_OUTER_BOUND('',#398,.T.);
#270=FACE_OUTER_BOUND('',#399,.T.);
#271=FACE_OUTER_BOUND('',#400,.T.);
#272=FACE_OUTER_BOUND('',#401,.T.);
#273=FACE_OUTER_BOUND('',#402,.T.);
#274=FACE_OUTER_BOUND('',#403,.T.);
#275=FACE_OUTER_BOUND('',#404,.T.);
#276=FACE_OUTER_BOUND('',#405,.T.);
#277=FACE_OUTER_BOUND('',#406,.T.);
#278=FACE_OUTER_BOUND('',#407,.T.);
#279=FACE_OUTER_BOUND('',#408,.T.);
#280=FACE_OUTER_BOUND('',#409,.T.);
#281=FACE_OUTER_BOUND('',#410,.T.);
#282=FACE_OUTER_BOUND('',#411,.T.);
#283=FACE_OUTER_BOUND('',#412,.T.);
#284=FACE_OUTER_BOUND('',#413,.T.);
#285=FACE_OUTER_BOUND('',#414,.T.);
#286=FACE_OUTER_BOUND('',#415,.T.);
#287=FACE_OUTER_BOUND('',#416,.T.);
#288=FACE_OUTER_BOUND('',#417,.T.);
#289=FACE_OUTER_BOUND('',#418,.T.);
#290=FACE_OUTER_BOUND('',#419,.T.);
#291=FACE_OUTER_BOUND('',#420,.T.);
#292=FACE_OUTER_BOUND('',#421,.T.);
#293=FACE_OUTER_BOUND('',#422,.T.);
#294=FACE_OUTER_BOUND('',#423,.T.);
#295=FACE_OUTER_BOUND('',#424,.T.);
#296=EDGE_LOOP('',(#1468,#1469,#1470,#1471));
#297=EDGE_LOOP('',(#1472,#1473,#1474,#1475));
#298=EDGE_LOOP('',(#1476,#1477,#1478,#1479,#1480,#1481,#1482,#1483,#1484,
#1485,#1486,#1487,#1488,#1489,#1490,#1491,#1492,#1493,#1494,#1495,#1496,
#1497,#1498,#1499,#1500,#1501,#1502,#1503,#1504,#1505,#1506));
#299=EDGE_LOOP('',(#1507,#1508,#1509,#1510));
#300=EDGE_LOOP('',(#1511,#1512,#1513,#1514));
#301=EDGE_LOOP('',(#1515,#1516,#1517,#1518));
#302=EDGE_LOOP('',(#1519,#1520,#1521,#1522));
#303=EDGE_LOOP('',(#1523,#1524,#1525,#1526));
#304=EDGE_LOOP('',(#1527,#1528,#1529,#1530));
#305=EDGE_LOOP('',(#1531,#1532,#1533,#1534));
#306=EDGE_LOOP('',(#1535,#1536,#1537,#1538));
#307=EDGE_LOOP('',(#1539,#1540,#1541,#1542));
#308=EDGE_LOOP('',(#1543,#1544,#1545,#1546));
#309=EDGE_LOOP('',(#1547,#1548,#1549,#1550));
#310=EDGE_LOOP('',(#1551,#1552,#1553,#1554));
#311=EDGE_LOOP('',(#1555,#1556,#1557,#1558));
#312=EDGE_LOOP('',(#1559,#1560,#1561,#1562));
#313=EDGE_LOOP('',(#1563,#1564,#1565,#1566));
#314=EDGE_LOOP('',(#1567,#1568,#1569,#1570,#1571,#1572,#1573,#1574,#1575,
#1576,#1577,#1578));
#315=EDGE_LOOP('',(#1579));
#316=EDGE_LOOP('',(#1580,#1581,#1582,#1583,#1584,#1585,#1586,#1587,#1588,
#1589,#1590,#1591));
#317=EDGE_LOOP('',(#1592));
#318=EDGE_LOOP('',(#1593,#1594,#1595,#1596,#1597));
#319=EDGE_LOOP('',(#1598,#1599,#1600,#1601,#1602,#1603,#1604));
#320=EDGE_LOOP('',(#1605,#1606,#1607,#1608,#1609,#1610,#1611,#1612,#1613,
#1614,#1615,#1616));
#321=EDGE_LOOP('',(#1617));
#322=EDGE_LOOP('',(#1618,#1619,#1620,#1621,#1622,#1623,#1624,#1625));
#323=EDGE_LOOP('',(#1626));
#324=EDGE_LOOP('',(#1627,#1628,#1629,#1630,#1631,#1632,#1633));
#325=EDGE_LOOP('',(#1634,#1635,#1636,#1637,#1638,#1639,#1640));
#326=EDGE_LOOP('',(#1641,#1642,#1643,#1644,#1645,#1646,#1647));
#327=EDGE_LOOP('',(#1648,#1649,#1650,#1651,#1652,#1653,#1654));
#328=EDGE_LOOP('',(#1655,#1656,#1657,#1658,#1659,#1660,#1661,#1662,#1663,
#1664,#1665,#1666,#1667,#1668));
#329=EDGE_LOOP('',(#1669));
#330=EDGE_LOOP('',(#1670,#1671,#1672,#1673,#1674,#1675,#1676,#1677,#1678,
#1679,#1680,#1681));
#331=EDGE_LOOP('',(#1682));
#332=EDGE_LOOP('',(#1683,#1684,#1685,#1686,#1687,#1688,#1689));
#333=EDGE_LOOP('',(#1690,#1691,#1692,#1693));
#334=EDGE_LOOP('',(#1694,#1695,#1696,#1697));
#335=EDGE_LOOP('',(#1698,#1699,#1700,#1701));
#336=EDGE_LOOP('',(#1702,#1703,#1704,#1705));
#337=EDGE_LOOP('',(#1706,#1707,#1708,#1709));
#338=EDGE_LOOP('',(#1710,#1711,#1712,#1713));
#339=EDGE_LOOP('',(#1714,#1715,#1716,#1717));
#340=EDGE_LOOP('',(#1718,#1719,#1720,#1721,#1722,#1723,#1724,#1725,#1726,
#1727,#1728,#1729,#1730,#1731,#1732,#1733,#1734,#1735,#1736,#1737,#1738,
#1739));
#341=EDGE_LOOP('',(#1740,#1741,#1742,#1743,#1744,#1745,#1746,#1747));
#342=EDGE_LOOP('',(#1748));
#343=EDGE_LOOP('',(#1749,#1750,#1751,#1752));
#344=EDGE_LOOP('',(#1753,#1754,#1755,#1756,#1757,#1758,#1759,#1760,#1761,
#1762,#1763,#1764,#1765,#1766,#1767,#1768,#1769));
#345=EDGE_LOOP('',(#1770,#1771,#1772,#1773));
#346=EDGE_LOOP('',(#1774,#1775,#1776,#1777));
#347=EDGE_LOOP('',(#1778,#1779,#1780,#1781));
#348=EDGE_LOOP('',(#1782,#1783,#1784,#1785));
#349=EDGE_LOOP('',(#1786,#1787,#1788,#1789));
#350=EDGE_LOOP('',(#1790,#1791,#1792,#1793));
#351=EDGE_LOOP('',(#1794,#1795,#1796,#1797));
#352=EDGE_LOOP('',(#1798,#1799,#1800,#1801));
#353=EDGE_LOOP('',(#1802,#1803,#1804,#1805));
#354=EDGE_LOOP('',(#1806,#1807,#1808,#1809));
#355=EDGE_LOOP('',(#1810,#1811,#1812,#1813));
#356=EDGE_LOOP('',(#1814,#1815,#1816,#1817,#1818,#1819,#1820));
#357=EDGE_LOOP('',(#1821,#1822,#1823,#1824));
#358=EDGE_LOOP('',(#1825,#1826,#1827,#1828,#1829,#1830,#1831,#1832,#1833,
#1834,#1835,#1836,#1837,#1838,#1839,#1840,#1841,#1842,#1843,#1844,#1845,
#1846,#1847,#1848,#1849,#1850,#1851,#1852,#1853,#1854,#1855,#1856,#1857,
#1858));
#359=EDGE_LOOP('',(#1859,#1860,#1861,#1862));
#360=EDGE_LOOP('',(#1863));
#361=EDGE_LOOP('',(#1864));
#362=EDGE_LOOP('',(#1865,#1866,#1867,#1868));
#363=EDGE_LOOP('',(#1869,#1870,#1871,#1872));
#364=EDGE_LOOP('',(#1873,#1874,#1875,#1876));
#365=EDGE_LOOP('',(#1877,#1878,#1879,#1880));
#366=EDGE_LOOP('',(#1881,#1882,#1883,#1884,#1885));
#367=EDGE_LOOP('',(#1886,#1887,#1888,#1889));
#368=EDGE_LOOP('',(#1890,#1891,#1892,#1893));
#369=EDGE_LOOP('',(#1894,#1895,#1896,#1897,#1898,#1899));
#370=EDGE_LOOP('',(#1900,#1901,#1902,#1903));
#371=EDGE_LOOP('',(#1904,#1905,#1906,#1907,#1908,#1909,#1910,#1911,#1912,
#1913,#1914,#1915,#1916,#1917,#1918,#1919,#1920,#1921,#1922,#1923,#1924,
#1925,#1926,#1927,#1928,#1929));
#372=EDGE_LOOP('',(#1930,#1931,#1932,#1933));
#373=EDGE_LOOP('',(#1934,#1935,#1936,#1937));
#374=EDGE_LOOP('',(#1938,#1939,#1940,#1941));
#375=EDGE_LOOP('',(#1942,#1943,#1944,#1945));
#376=EDGE_LOOP('',(#1946,#1947,#1948,#1949));
#377=EDGE_LOOP('',(#1950,#1951,#1952,#1953));
#378=EDGE_LOOP('',(#1954,#1955,#1956,#1957));
#379=EDGE_LOOP('',(#1958,#1959,#1960,#1961,#1962,#1963));
#380=EDGE_LOOP('',(#1964,#1965,#1966,#1967,#1968,#1969));
#381=EDGE_LOOP('',(#1970,#1971,#1972,#1973));
#382=EDGE_LOOP('',(#1974,#1975,#1976,#1977,#1978));
#383=EDGE_LOOP('',(#1979,#1980,#1981,#1982));
#384=EDGE_LOOP('',(#1983,#1984,#1985,#1986));
#385=EDGE_LOOP('',(#1987,#1988,#1989,#1990));
#386=EDGE_LOOP('',(#1991,#1992,#1993,#1994));
#387=EDGE_LOOP('',(#1995,#1996,#1997,#1998));
#388=EDGE_LOOP('',(#1999,#2000,#2001,#2002));
#389=EDGE_LOOP('',(#2003,#2004,#2005,#2006));
#390=EDGE_LOOP('',(#2007,#2008,#2009,#2010,#2011));
#391=EDGE_LOOP('',(#2012,#2013,#2014,#2015));
#392=EDGE_LOOP('',(#2016,#2017,#2018,#2019));
#393=EDGE_LOOP('',(#2020,#2021,#2022,#2023,#2024,#2025,#2026));
#394=EDGE_LOOP('',(#2027,#2028,#2029,#2030));
#395=EDGE_LOOP('',(#2031,#2032,#2033,#2034));
#396=EDGE_LOOP('',(#2035,#2036,#2037,#2038,#2039));
#397=EDGE_LOOP('',(#2040,#2041,#2042,#2043));
#398=EDGE_LOOP('',(#2044,#2045,#2046,#2047));
#399=EDGE_LOOP('',(#2048,#2049,#2050,#2051));
#400=EDGE_LOOP('',(#2052,#2053,#2054,#2055));
#401=EDGE_LOOP('',(#2056,#2057,#2058,#2059));
#402=EDGE_LOOP('',(#2060,#2061,#2062,#2063));
#403=EDGE_LOOP('',(#2064,#2065,#2066,#2067));
#404=EDGE_LOOP('',(#2068,#2069,#2070,#2071));
#405=EDGE_LOOP('',(#2072,#2073,#2074,#2075));
#406=EDGE_LOOP('',(#2076,#2077,#2078,#2079));
#407=EDGE_LOOP('',(#2080,#2081,#2082,#2083));
#408=EDGE_LOOP('',(#2084,#2085,#2086,#2087));
#409=EDGE_LOOP('',(#2088,#2089,#2090,#2091));
#410=EDGE_LOOP('',(#2092,#2093,#2094,#2095));
#411=EDGE_LOOP('',(#2096,#2097,#2098,#2099));
#412=EDGE_LOOP('',(#2100,#2101,#2102,#2103));
#413=EDGE_LOOP('',(#2104,#2105,#2106,#2107));
#414=EDGE_LOOP('',(#2108,#2109,#2110,#2111));
#415=EDGE_LOOP('',(#2112,#2113,#2114,#2115));
#416=EDGE_LOOP('',(#2116,#2117,#2118,#2119));
#417=EDGE_LOOP('',(#2120,#2121,#2122,#2123));
#418=EDGE_LOOP('',(#2124,#2125,#2126,#2127));
#419=EDGE_LOOP('',(#2128,#2129,#2130,#2131));
#420=EDGE_LOOP('',(#2132,#2133,#2134,#2135,#2136,#2137,#2138,#2139));
#421=EDGE_LOOP('',(#2140));
#422=EDGE_LOOP('',(#2141));
#423=EDGE_LOOP('',(#2142,#2143,#2144,#2145));
#424=EDGE_LOOP('',(#2146,#2147,#2148,#2149));
#425=LINE('',#3271,#664);
#426=LINE('',#3273,#665);
#427=LINE('',#3275,#666);
#428=LINE('',#3276,#667);
#429=LINE('',#3282,#668);
#430=LINE('',#3285,#669);
#431=LINE('',#3288,#670);
#432=LINE('',#3292,#671);
#433=LINE('',#3296,#672);
#434=LINE('',#3300,#673);
#435=LINE('',#3306,#674);
#436=LINE('',#3310,#675);
#437=LINE('',#3312,#676);
#438=LINE('',#3316,#677);
#439=LINE('',#3318,#678);
#440=LINE('',#3320,#679);
#441=LINE('',#3324,#680);
#442=LINE('',#3326,#681);
#443=LINE('',#3328,#682);
#444=LINE('',#3330,#683);
#445=LINE('',#3334,#684);
#446=LINE('',#3338,#685);
#447=LINE('',#3342,#686);
#448=LINE('',#3345,#687);
#449=LINE('',#3348,#688);
#450=LINE('',#3349,#689);
#451=LINE('',#3352,#690);
#452=LINE('',#3355,#691);
#453=LINE('',#3358,#692);
#454=LINE('',#3359,#693);
#455=LINE('',#3363,#694);
#456=LINE('',#3365,#695);
#457=LINE('',#3367,#696);
#458=LINE('',#3368,#697);
#459=LINE('',#3373,#698);
#460=LINE('',#3377,#699);
#461=LINE('',#3379,#700);
#462=LINE('',#3380,#701);
#463=LINE('',#3384,#702);
#464=LINE('',#3386,#703);
#465=LINE('',#3388,#704);
#466=LINE('',#3389,#705);
#467=LINE('',#3394,#706);
#468=LINE('',#3398,#707);
#469=LINE('',#3400,#708);
#470=LINE('',#3401,#709);
#471=LINE('',#3405,#710);
#472=LINE('',#3407,#711);
#473=LINE('',#3409,#712);
#474=LINE('',#3410,#713);
#475=LINE('',#3414,#714);
#476=LINE('',#3416,#715);
#477=LINE('',#3418,#716);
#478=LINE('',#3419,#717);
#479=LINE('',#3426,#718);
#480=LINE('',#3428,#719);
#481=LINE('',#3430,#720);
#482=LINE('',#3431,#721);
#483=LINE('',#3436,#722);
#484=LINE('',#3440,#723);
#485=LINE('',#3442,#724);
#486=LINE('',#3443,#725);
#487=LINE('',#3448,#726);
#488=LINE('',#3452,#727);
#489=LINE('',#3456,#728);
#490=LINE('',#3460,#729);
#491=LINE('',#3468,#730);
#492=LINE('',#3477,#731);
#493=LINE('',#3483,#732);
#494=LINE('',#3484,#733);
#495=LINE('',#3487,#734);
#496=LINE('',#3488,#735);
#497=LINE('',#3489,#736);
#498=LINE('',#3494,#737);
#499=LINE('',#3498,#738);
#500=LINE('',#3502,#739);
#501=LINE('',#3506,#740);
#502=LINE('',#3514,#741);
#503=LINE('',#3518,#742);
#504=LINE('',#3524,#743);
#505=LINE('',#3528,#744);
#506=LINE('',#3529,#745);
#507=LINE('',#3532,#746);
#508=LINE('',#3534,#747);
#509=LINE('',#3537,#748);
#510=LINE('',#3542,#749);
#511=LINE('',#3543,#750);
#512=LINE('',#3548,#751);
#513=LINE('',#3550,#752);
#514=LINE('',#3552,#753);
#515=LINE('',#3556,#754);
#516=LINE('',#3560,#755);
#517=LINE('',#3562,#756);
#518=LINE('',#3569,#757);
#519=LINE('',#3573,#758);
#520=LINE('',#3577,#759);
#521=LINE('',#3581,#760);
#522=LINE('',#3589,#761);
#523=LINE('',#3593,#762);
#524=LINE('',#3594,#763);
#525=LINE('',#3596,#764);
#526=LINE('',#3599,#765);
#527=LINE('',#3600,#766);
#528=LINE('',#3603,#767);
#529=LINE('',#3604,#768);
#530=LINE('',#3608,#769);
#531=LINE('',#3610,#770);
#532=LINE('',#3611,#771);
#533=LINE('',#3615,#772);
#534=LINE('',#3617,#773);
#535=LINE('',#3619,#774);
#536=LINE('',#3620,#775);
#537=LINE('',#3625,#776);
#538=LINE('',#3629,#777);
#539=LINE('',#3633,#778);
#540=LINE('',#3637,#779);
#541=LINE('',#3640,#780);
#542=LINE('',#3645,#781);
#543=LINE('',#3647,#782);
#544=LINE('',#3648,#783);
#545=LINE('',#3657,#784);
#546=LINE('',#3659,#785);
#547=LINE('',#3661,#786);
#548=LINE('',#3663,#787);
#549=LINE('',#3665,#788);
#550=LINE('',#3667,#789);
#551=LINE('',#3669,#790);
#552=LINE('',#3671,#791);
#553=LINE('',#3673,#792);
#554=LINE('',#3675,#793);
#555=LINE('',#3676,#794);
#556=LINE('',#3678,#795);
#557=LINE('',#3680,#796);
#558=LINE('',#3681,#797);
#559=LINE('',#3684,#798);
#560=LINE('',#3685,#799);
#561=LINE('',#3688,#800);
#562=LINE('',#3689,#801);
#563=LINE('',#3692,#802);
#564=LINE('',#3693,#803);
#565=LINE('',#3696,#804);
#566=LINE('',#3697,#805);
#567=LINE('',#3700,#806);
#568=LINE('',#3701,#807);
#569=LINE('',#3704,#808);
#570=LINE('',#3705,#809);
#571=LINE('',#3708,#810);
#572=LINE('',#3709,#811);
#573=LINE('',#3712,#812);
#574=LINE('',#3713,#813);
#575=LINE('',#3716,#814);
#576=LINE('',#3717,#815);
#577=LINE('',#3720,#816);
#578=LINE('',#3721,#817);
#579=LINE('',#3723,#818);
#580=LINE('',#3725,#819);
#581=LINE('',#3727,#820);
#582=LINE('',#3734,#821);
#583=LINE('',#3738,#822);
#584=LINE('',#3742,#823);
#585=LINE('',#3746,#824);
#586=LINE('',#3750,#825);
#587=LINE('',#3754,#826);
#588=LINE('',#3758,#827);
#589=LINE('',#3762,#828);
#590=LINE('',#3766,#829);
#591=LINE('',#3770,#830);
#592=LINE('',#3774,#831);
#593=LINE('',#3777,#832);
#594=LINE('',#3781,#833);
#595=LINE('',#3785,#834);
#596=LINE('',#3788,#835);
#597=LINE('',#3796,#836);
#598=LINE('',#3799,#837);
#599=LINE('',#3805,#838);
#600=LINE('',#3807,#839);
#601=LINE('',#3809,#840);
#602=LINE('',#3811,#841);
#603=LINE('',#3813,#842);
#604=LINE('',#3814,#843);
#605=LINE('',#3816,#844);
#606=LINE('',#3819,#845);
#607=LINE('',#3821,#846);
#608=LINE('',#3822,#847);
#609=LINE('',#3824,#848);
#610=LINE('',#3827,#849);
#611=LINE('',#3829,#850);
#612=LINE('',#3830,#851);
#613=LINE('',#3832,#852);
#614=LINE('',#3834,#853);
#615=LINE('',#3835,#854);
#616=LINE('',#3836,#855);
#617=LINE('',#3837,#856);
#618=LINE('',#3840,#857);
#619=LINE('',#3841,#858);
#620=LINE('',#3844,#859);
#621=LINE('',#3847,#860);
#622=LINE('',#3850,#861);
#623=LINE('',#3851,#862);
#624=LINE('',#3854,#863);
#625=LINE('',#3857,#864);
#626=LINE('',#3859,#865);
#627=LINE('',#3860,#866);
#628=LINE('',#3862,#867);
#629=LINE('',#3863,#868);
#630=LINE('',#3865,#869);
#631=LINE('',#3868,#870);
#632=LINE('',#3869,#871);
#633=LINE('',#3871,#872);
#634=LINE('',#3873,#873);
#635=LINE('',#3875,#874);
#636=LINE('',#3877,#875);
#637=LINE('',#3879,#876);
#638=LINE('',#3881,#877);
#639=LINE('',#3883,#878);
#640=LINE('',#3885,#879);
#641=LINE('',#3887,#880);
#642=LINE('',#3890,#881);
#643=LINE('',#3894,#882);
#644=LINE('',#3896,#883);
#645=LINE('',#3901,#884);
#646=LINE('',#3903,#885);
#647=LINE('',#3905,#886);
#648=LINE('',#3907,#887);
#649=LINE('',#3909,#888);
#650=LINE('',#3910,#889);
#651=LINE('',#3912,#890);
#652=LINE('',#3914,#891);
#653=LINE('',#3916,#892);
#654=LINE('',#3918,#893);
#655=LINE('',#3920,#894);
#656=LINE('',#3921,#895);
#657=LINE('',#3923,#896);
#658=LINE('',#3925,#897);
#659=LINE('',#3930,#898);
#660=LINE('',#3934,#899);
#661=LINE('',#3944,#900);
#662=LINE('',#3949,#901);
#663=LINE('',#3951,#902);
#664=VECTOR('',#2585,10.);
#665=VECTOR('',#2586,1.);
#666=VECTOR('',#2587,1.);
#667=VECTOR('',#2588,1.);
#668=VECTOR('',#2593,10.);
#669=VECTOR('',#2596,10.);
#670=VECTOR('',#2599,10.);
#671=VECTOR('',#2602,1.);
#672=VECTOR('',#2605,1.);
#673=VECTOR('',#2608,1.);
#674=VECTOR('',#2613,10.);
#675=VECTOR('',#2616,1.);
#676=VECTOR('',#2617,1.);
#677=VECTOR('',#2620,1.);
#678=VECTOR('',#2621,1.);
#679=VECTOR('',#2622,1.);
#680=VECTOR('',#2625,1.);
#681=VECTOR('',#2626,1.);
#682=VECTOR('',#2627,1.);
#683=VECTOR('',#2628,1.);
#684=VECTOR('',#2631,10.);
#685=VECTOR('',#2634,1.00000000000019);
#686=VECTOR('',#2637,1.00000000000008);
#687=VECTOR('',#2640,0.999999999999649);
#688=VECTOR('',#2643,10.);
#689=VECTOR('',#2644,10.);
#690=VECTOR('',#2647,10.);
#691=VECTOR('',#2650,10.);
#692=VECTOR('',#2653,1.00000000000019);
#693=VECTOR('',#2654,1.);
#694=VECTOR('',#2657,10.);
#695=VECTOR('',#2658,10.);
#696=VECTOR('',#2659,10.);
#697=VECTOR('',#2660,10.);
#698=VECTOR('',#2665,10.);
#699=VECTOR('',#2670,10.);
#700=VECTOR('',#2671,10.);
#701=VECTOR('',#2672,10.);
#702=VECTOR('',#2675,10.);
#703=VECTOR('',#2676,10.);
#704=VECTOR('',#2677,10.);
#705=VECTOR('',#2678,10.);
#706=VECTOR('',#2683,10.);
#707=VECTOR('',#2688,10.);
#708=VECTOR('',#2689,10.);
#709=VECTOR('',#2690,10.);
#710=VECTOR('',#2693,10.);
#711=VECTOR('',#2694,10.);
#712=VECTOR('',#2695,10.);
#713=VECTOR('',#2696,10.);
#714=VECTOR('',#2699,10.);
#715=VECTOR('',#2700,10.);
#716=VECTOR('',#2701,10.);
#717=VECTOR('',#2702,10.);
#718=VECTOR('',#2711,10.);
#719=VECTOR('',#2712,10.);
#720=VECTOR('',#2713,10.);
#721=VECTOR('',#2714,10.);
#722=VECTOR('',#2719,10.);
#723=VECTOR('',#2724,10.);
#724=VECTOR('',#2725,10.);
#725=VECTOR('',#2726,10.);
#726=VECTOR('',#2731,1.);
#727=VECTOR('',#2734,1.);
#728=VECTOR('',#2737,1.);
#729=VECTOR('',#2740,1.);
#730=VECTOR('',#2749,10.);
#731=VECTOR('',#2758,10.);
#732=VECTOR('',#2765,1.);
#733=VECTOR('',#2766,1.);
#734=VECTOR('',#2769,1.);
#735=VECTOR('',#2770,1.);
#736=VECTOR('',#2771,10.);
#737=VECTOR('',#2776,1.);
#738=VECTOR('',#2779,1.);
#739=VECTOR('',#2782,1.);
#740=VECTOR('',#2785,1.);
#741=VECTOR('',#2794,10.);
#742=VECTOR('',#2797,10.);
#743=VECTOR('',#2804,10.);
#744=VECTOR('',#2807,1.);
#745=VECTOR('',#2808,1.);
#746=VECTOR('',#2811,1.);
#747=VECTOR('',#2812,1.);
#748=VECTOR('',#2815,10.);
#749=VECTOR('',#2820,1.);
#750=VECTOR('',#2821,1.);
#751=VECTOR('',#2828,10.);
#752=VECTOR('',#2829,1.);
#753=VECTOR('',#2830,1.);
#754=VECTOR('',#2835,0.999999999999649);
#755=VECTOR('',#2838,1.00000000000008);
#756=VECTOR('',#2841,10.);
#757=VECTOR('',#2848,1.);
#758=VECTOR('',#2851,1.);
#759=VECTOR('',#2854,1.);
#760=VECTOR('',#2857,1.);
#761=VECTOR('',#2866,10.);
#762=VECTOR('',#2869,1.);
#763=VECTOR('',#2870,1.);
#764=VECTOR('',#2873,10.);
#765=VECTOR('',#2876,10.);
#766=VECTOR('',#2877,10.);
#767=VECTOR('',#2880,10.);
#768=VECTOR('',#2881,10.);
#769=VECTOR('',#2886,10.);
#770=VECTOR('',#2887,10.);
#771=VECTOR('',#2888,10.);
#772=VECTOR('',#2891,10.);
#773=VECTOR('',#2892,10.);
#774=VECTOR('',#2893,10.);
#775=VECTOR('',#2894,10.);
#776=VECTOR('',#2901,1.);
#777=VECTOR('',#2904,1.);
#778=VECTOR('',#2907,1.);
#779=VECTOR('',#2910,1.);
#780=VECTOR('',#2913,1.);
#781=VECTOR('',#2918,1.);
#782=VECTOR('',#2919,1.);
#783=VECTOR('',#2920,1.);
#784=VECTOR('',#2933,1.);
#785=VECTOR('',#2934,1.);
#786=VECTOR('',#2935,1.);
#787=VECTOR('',#2936,1.);
#788=VECTOR('',#2937,1.);
#789=VECTOR('',#2938,1.);
#790=VECTOR('',#2939,1.);
#791=VECTOR('',#2940,1.);
#792=VECTOR('',#2941,1.);
#793=VECTOR('',#2942,1.);
#794=VECTOR('',#2943,1.);
#795=VECTOR('',#2944,1.);
#796=VECTOR('',#2945,1.);
#797=VECTOR('',#2946,1.);
#798=VECTOR('',#2949,1.);
#799=VECTOR('',#2950,1.);
#800=VECTOR('',#2953,1.);
#801=VECTOR('',#2954,1.);
#802=VECTOR('',#2957,1.);
#803=VECTOR('',#2958,1.);
#804=VECTOR('',#2961,1.);
#805=VECTOR('',#2962,1.);
#806=VECTOR('',#2965,1.);
#807=VECTOR('',#2966,1.);
#808=VECTOR('',#2969,1.);
#809=VECTOR('',#2970,1.);
#810=VECTOR('',#2973,1.);
#811=VECTOR('',#2974,1.);
#812=VECTOR('',#2977,1.);
#813=VECTOR('',#2978,1.);
#814=VECTOR('',#2981,1.);
#815=VECTOR('',#2982,1.);
#816=VECTOR('',#2985,1.);
#817=VECTOR('',#2986,1.);
#818=VECTOR('',#2989,1.);
#819=VECTOR('',#2992,1.);
#820=VECTOR('',#2995,1.);
#821=VECTOR('',#3002,1.);
#822=VECTOR('',#3005,1.);
#823=VECTOR('',#3008,1.);
#824=VECTOR('',#3011,1.);
#825=VECTOR('',#3014,1.);
#826=VECTOR('',#3017,1.);
#827=VECTOR('',#3020,1.);
#828=VECTOR('',#3023,1.);
#829=VECTOR('',#3026,1.);
#830=VECTOR('',#3029,1.);
#831=VECTOR('',#3032,1.);
#832=VECTOR('',#3035,1.);
#833=VECTOR('',#3038,1.);
#834=VECTOR('',#3041,1.);
#835=VECTOR('',#3044,1.);
#836=VECTOR('',#3051,1.00000000000008);
#837=VECTOR('',#3054,1.00000000000008);
#838=VECTOR('',#3061,1.);
#839=VECTOR('',#3064,1.);
#840=VECTOR('',#3067,1.);
#841=VECTOR('',#3070,1.);
#842=VECTOR('',#3073,1.);
#843=VECTOR('',#3074,1.);
#844=VECTOR('',#3077,1.);
#845=VECTOR('',#3082,1.);
#846=VECTOR('',#3083,1.);
#847=VECTOR('',#3084,1.);
#848=VECTOR('',#3087,1.);
#849=VECTOR('',#3090,1.);
#850=VECTOR('',#3091,1.);
#851=VECTOR('',#3092,1.);
#852=VECTOR('',#3093,1.);
#853=VECTOR('',#3094,1.);
#854=VECTOR('',#3095,1.);
#855=VECTOR('',#3096,1.);
#856=VECTOR('',#3097,1.);
#857=VECTOR('',#3100,1.);
#858=VECTOR('',#3101,1.);
#859=VECTOR('',#3104,1.);
#860=VECTOR('',#3109,1.);
#861=VECTOR('',#3112,1.);
#862=VECTOR('',#3113,1.);
#863=VECTOR('',#3116,1.);
#864=VECTOR('',#3121,1.);
#865=VECTOR('',#3124,1.);
#866=VECTOR('',#3125,1.);
#867=VECTOR('',#3128,1.);
#868=VECTOR('',#3129,1.);
#869=VECTOR('',#3132,1.);
#870=VECTOR('',#3137,1.);
#871=VECTOR('',#3138,1.);
#872=VECTOR('',#3141,1.);
#873=VECTOR('',#3144,1.);
#874=VECTOR('',#3147,1.);
#875=VECTOR('',#3150,1.);
#876=VECTOR('',#3153,1.);
#877=VECTOR('',#3156,1.);
#878=VECTOR('',#3159,1.);
#879=VECTOR('',#3162,1.);
#880=VECTOR('',#3165,1.);
#881=VECTOR('',#3168,1.);
#882=VECTOR('',#3173,1.);
#883=VECTOR('',#3176,1.6);
#884=VECTOR('',#3185,1.);
#885=VECTOR('',#3188,1.);
#886=VECTOR('',#3191,1.);
#887=VECTOR('',#3194,1.);
#888=VECTOR('',#3197,1.);
#889=VECTOR('',#3198,1.);
#890=VECTOR('',#3201,1.);
#891=VECTOR('',#3204,1.);
#892=VECTOR('',#3207,1.);
#893=VECTOR('',#3210,1.);
#894=VECTOR('',#3213,1.);
#895=VECTOR('',#3214,1.);
#896=VECTOR('',#3217,1.);
#897=VECTOR('',#3220,1.);
#898=VECTOR('',#3227,3.533392647966);
#899=VECTOR('',#3232,4.905694585729);
#900=VECTOR('',#3251,1.6);
#901=VECTOR('',#3260,1.6);
#902=VECTOR('',#3263,1.6);
#903=VERTEX_POINT('',#3269);
#904=VERTEX_POINT('',#3270);
#905=VERTEX_POINT('',#3272);
#906=VERTEX_POINT('',#3274);
#907=VERTEX_POINT('',#3278);
#908=VERTEX_POINT('',#3279);
#909=VERTEX_POINT('',#3281);
#910=VERTEX_POINT('',#3283);
#911=VERTEX_POINT('',#3287);
#912=VERTEX_POINT('',#3289);
#913=VERTEX_POINT('',#3291);
#914=VERTEX_POINT('',#3293);
#915=VERTEX_POINT('',#3295);
#916=VERTEX_POINT('',#3297);
#917=VERTEX_POINT('',#3299);
#918=VERTEX_POINT('',#3301);
#919=VERTEX_POINT('',#3303);
#920=VERTEX_POINT('',#3305);
#921=VERTEX_POINT('',#3307);
#922=VERTEX_POINT('',#3309);
#923=VERTEX_POINT('',#3311);
#924=VERTEX_POINT('',#3313);
#925=VERTEX_POINT('',#3315);
#926=VERTEX_POINT('',#3317);
#927=VERTEX_POINT('',#3319);
#928=VERTEX_POINT('',#3321);
#929=VERTEX_POINT('',#3323);
#930=VERTEX_POINT('',#3325);
#931=VERTEX_POINT('',#3327);
#932=VERTEX_POINT('',#3329);
#933=VERTEX_POINT('',#3331);
#934=VERTEX_POINT('',#3333);
#935=VERTEX_POINT('',#3335);
#936=VERTEX_POINT('',#3337);
#937=VERTEX_POINT('',#3339);
#938=VERTEX_POINT('',#3341);
#939=VERTEX_POINT('',#3343);
#940=VERTEX_POINT('',#3347);
#941=VERTEX_POINT('',#3351);
#942=VERTEX_POINT('',#3353);
#943=VERTEX_POINT('',#3357);
#944=VERTEX_POINT('',#3361);
#945=VERTEX_POINT('',#3362);
#946=VERTEX_POINT('',#3364);
#947=VERTEX_POINT('',#3366);
#948=VERTEX_POINT('',#3370);
#949=VERTEX_POINT('',#3372);
#950=VERTEX_POINT('',#3376);
#951=VERTEX_POINT('',#3378);
#952=VERTEX_POINT('',#3382);
#953=VERTEX_POINT('',#3383);
#954=VERTEX_POINT('',#3385);
#955=VERTEX_POINT('',#3387);
#956=VERTEX_POINT('',#3391);
#957=VERTEX_POINT('',#3393);
#958=VERTEX_POINT('',#3397);
#959=VERTEX_POINT('',#3399);
#960=VERTEX_POINT('',#3403);
#961=VERTEX_POINT('',#3404);
#962=VERTEX_POINT('',#3406);
#963=VERTEX_POINT('',#3408);
#964=VERTEX_POINT('',#3412);
#965=VERTEX_POINT('',#3413);
#966=VERTEX_POINT('',#3415);
#967=VERTEX_POINT('',#3417);
#968=VERTEX_POINT('',#3424);
#969=VERTEX_POINT('',#3425);
#970=VERTEX_POINT('',#3427);
#971=VERTEX_POINT('',#3429);
#972=VERTEX_POINT('',#3433);
#973=VERTEX_POINT('',#3435);
#974=VERTEX_POINT('',#3439);
#975=VERTEX_POINT('',#3441);
#976=VERTEX_POINT('',#3445);
#977=VERTEX_POINT('',#3447);
#978=VERTEX_POINT('',#3449);
#979=VERTEX_POINT('',#3451);
#980=VERTEX_POINT('',#3453);
#981=VERTEX_POINT('',#3455);
#982=VERTEX_POINT('',#3457);
#983=VERTEX_POINT('',#3459);
#984=VERTEX_POINT('',#3462);
#985=VERTEX_POINT('',#3465);
#986=VERTEX_POINT('',#3467);
#987=VERTEX_POINT('',#3469);
#988=VERTEX_POINT('',#3471);
#989=VERTEX_POINT('',#3474);
#990=VERTEX_POINT('',#3476);
#991=VERTEX_POINT('',#3479);
#992=VERTEX_POINT('',#3482);
#993=VERTEX_POINT('',#3486);
#994=VERTEX_POINT('',#3491);
#995=VERTEX_POINT('',#3493);
#996=VERTEX_POINT('',#3495);
#997=VERTEX_POINT('',#3497);
#998=VERTEX_POINT('',#3499);
#999=VERTEX_POINT('',#3501);
#1000=VERTEX_POINT('',#3503);
#1001=VERTEX_POINT('',#3505);
#1002=VERTEX_POINT('',#3508);
#1003=VERTEX_POINT('',#3511);
#1004=VERTEX_POINT('',#3513);
#1005=VERTEX_POINT('',#3515);
#1006=VERTEX_POINT('',#3517);
#1007=VERTEX_POINT('',#3520);
#1008=VERTEX_POINT('',#3523);
#1009=VERTEX_POINT('',#3525);
#1010=VERTEX_POINT('',#3527);
#1011=VERTEX_POINT('',#3531);
#1012=VERTEX_POINT('',#3533);
#1013=VERTEX_POINT('',#3535);
#1014=VERTEX_POINT('',#3539);
#1015=VERTEX_POINT('',#3541);
#1016=VERTEX_POINT('',#3546);
#1017=VERTEX_POINT('',#3549);
#1018=VERTEX_POINT('',#3551);
#1019=VERTEX_POINT('',#3555);
#1020=VERTEX_POINT('',#3557);
#1021=VERTEX_POINT('',#3559);
#1022=VERTEX_POINT('',#3563);
#1023=VERTEX_POINT('',#3566);
#1024=VERTEX_POINT('',#3568);
#1025=VERTEX_POINT('',#3570);
#1026=VERTEX_POINT('',#3572);
#1027=VERTEX_POINT('',#3574);
#1028=VERTEX_POINT('',#3576);
#1029=VERTEX_POINT('',#3578);
#1030=VERTEX_POINT('',#3580);
#1031=VERTEX_POINT('',#3583);
#1032=VERTEX_POINT('',#3586);
#1033=VERTEX_POINT('',#3588);
#1034=VERTEX_POINT('',#3590);
#1035=VERTEX_POINT('',#3592);
#1036=VERTEX_POINT('',#3598);
#1037=VERTEX_POINT('',#3602);
#1038=VERTEX_POINT('',#3607);
#1039=VERTEX_POINT('',#3609);
#1040=VERTEX_POINT('',#3613);
#1041=VERTEX_POINT('',#3614);
#1042=VERTEX_POINT('',#3616);
#1043=VERTEX_POINT('',#3618);
#1044=VERTEX_POINT('',#3624);
#1045=VERTEX_POINT('',#3626);
#1046=VERTEX_POINT('',#3628);
#1047=VERTEX_POINT('',#3630);
#1048=VERTEX_POINT('',#3632);
#1049=VERTEX_POINT('',#3634);
#1050=VERTEX_POINT('',#3636);
#1051=VERTEX_POINT('',#3638);
#1052=VERTEX_POINT('',#3642);
#1053=VERTEX_POINT('',#3644);
#1054=VERTEX_POINT('',#3646);
#1055=VERTEX_POINT('',#3652);
#1056=VERTEX_POINT('',#3656);
#1057=VERTEX_POINT('',#3658);
#1058=VERTEX_POINT('',#3660);
#1059=VERTEX_POINT('',#3662);
#1060=VERTEX_POINT('',#3664);
#1061=VERTEX_POINT('',#3666);
#1062=VERTEX_POINT('',#3668);
#1063=VERTEX_POINT('',#3670);
#1064=VERTEX_POINT('',#3672);
#1065=VERTEX_POINT('',#3674);
#1066=VERTEX_POINT('',#3677);
#1067=VERTEX_POINT('',#3679);
#1068=VERTEX_POINT('',#3683);
#1069=VERTEX_POINT('',#3687);
#1070=VERTEX_POINT('',#3691);
#1071=VERTEX_POINT('',#3695);
#1072=VERTEX_POINT('',#3699);
#1073=VERTEX_POINT('',#3703);
#1074=VERTEX_POINT('',#3707);
#1075=VERTEX_POINT('',#3711);
#1076=VERTEX_POINT('',#3715);
#1077=VERTEX_POINT('',#3719);
#1078=VERTEX_POINT('',#3729);
#1079=VERTEX_POINT('',#3731);
#1080=VERTEX_POINT('',#3733);
#1081=VERTEX_POINT('',#3735);
#1082=VERTEX_POINT('',#3737);
#1083=VERTEX_POINT('',#3739);
#1084=VERTEX_POINT('',#3741);
#1085=VERTEX_POINT('',#3743);
#1086=VERTEX_POINT('',#3745);
#1087=VERTEX_POINT('',#3747);
#1088=VERTEX_POINT('',#3749);
#1089=VERTEX_POINT('',#3751);
#1090=VERTEX_POINT('',#3753);
#1091=VERTEX_POINT('',#3755);
#1092=VERTEX_POINT('',#3757);
#1093=VERTEX_POINT('',#3759);
#1094=VERTEX_POINT('',#3761);
#1095=VERTEX_POINT('',#3763);
#1096=VERTEX_POINT('',#3765);
#1097=VERTEX_POINT('',#3767);
#1098=VERTEX_POINT('',#3769);
#1099=VERTEX_POINT('',#3771);
#1100=VERTEX_POINT('',#3773);
#1101=VERTEX_POINT('',#3775);
#1102=VERTEX_POINT('',#3778);
#1103=VERTEX_POINT('',#3780);
#1104=VERTEX_POINT('',#3782);
#1105=VERTEX_POINT('',#3784);
#1106=VERTEX_POINT('',#3786);
#1107=VERTEX_POINT('',#3789);
#1108=VERTEX_POINT('',#3792);
#1109=VERTEX_POINT('',#3793);
#1110=VERTEX_POINT('',#3795);
#1111=VERTEX_POINT('',#3797);
#1112=VERTEX_POINT('',#3800);
#1113=VERTEX_POINT('',#3802);
#1114=VERTEX_POINT('',#3820);
#1115=VERTEX_POINT('',#3826);
#1116=VERTEX_POINT('',#3828);
#1117=VERTEX_POINT('',#3831);
#1118=VERTEX_POINT('',#3833);
#1119=VERTEX_POINT('',#3839);
#1120=VERTEX_POINT('',#3843);
#1121=VERTEX_POINT('',#3849);
#1122=VERTEX_POINT('',#3853);
#1123=VERTEX_POINT('',#3889);
#1124=VERTEX_POINT('',#3893);
#1125=VERTEX_POINT('',#3929);
#1126=VERTEX_POINT('',#3933);
#1127=EDGE_CURVE('',#903,#904,#425,.T.);
#1128=EDGE_CURVE('',#904,#905,#426,.T.);
#1129=EDGE_CURVE('',#905,#906,#427,.T.);
#1130=EDGE_CURVE('',#903,#906,#428,.T.);
#1131=EDGE_CURVE('',#907,#908,#29,.T.);
#1132=EDGE_CURVE('',#908,#909,#429,.T.);
#1133=EDGE_CURVE('',#909,#910,#30,.F.);
#1134=EDGE_CURVE('',#910,#907,#430,.T.);
#1135=EDGE_CURVE('',#907,#911,#431,.T.);
#1136=EDGE_CURVE('',#911,#912,#31,.T.);
#1137=EDGE_CURVE('',#913,#912,#432,.T.);
#1138=EDGE_CURVE('',#913,#914,#32,.T.);
#1139=EDGE_CURVE('',#914,#915,#433,.T.);
#1140=EDGE_CURVE('',#916,#915,#33,.T.);
#1141=EDGE_CURVE('',#916,#917,#434,.T.);
#1142=EDGE_CURVE('',#917,#918,#34,.T.);
#1143=EDGE_CURVE('',#919,#918,#35,.T.);
#1144=EDGE_CURVE('',#919,#920,#435,.T.);
#1145=EDGE_CURVE('',#920,#921,#36,.T.);
#1146=EDGE_CURVE('',#922,#921,#436,.T.);
#1147=EDGE_CURVE('',#923,#922,#437,.T.);
#1148=EDGE_CURVE('',#924,#923,#37,.T.);
#1149=EDGE_CURVE('',#925,#924,#438,.T.);
#1150=EDGE_CURVE('',#926,#925,#439,.T.);
#1151=EDGE_CURVE('',#927,#926,#440,.T.);
#1152=EDGE_CURVE('',#928,#927,#38,.T.);
#1153=EDGE_CURVE('',#929,#928,#441,.T.);
#1154=EDGE_CURVE('',#930,#929,#442,.T.);
#1155=EDGE_CURVE('',#931,#930,#443,.T.);
#1156=EDGE_CURVE('',#932,#931,#444,.T.);
#1157=EDGE_CURVE('',#932,#933,#39,.T.);
#1158=EDGE_CURVE('',#933,#934,#445,.T.);
#1159=EDGE_CURVE('',#935,#934,#40,.T.);
#1160=EDGE_CURVE('',#935,#936,#446,.T.);
#1161=EDGE_CURVE('',#937,#936,#41,.T.);
#1162=EDGE_CURVE('',#938,#937,#447,.T.);
#1163=EDGE_CURVE('',#939,#938,#42,.T.);
#1164=EDGE_CURVE('',#908,#939,#448,.T.);
#1165=EDGE_CURVE('',#910,#940,#449,.T.);
#1166=EDGE_CURVE('',#911,#940,#450,.T.);
#1167=EDGE_CURVE('',#934,#941,#451,.T.);
#1168=EDGE_CURVE('',#941,#942,#43,.F.);
#1169=EDGE_CURVE('',#942,#935,#452,.T.);
#1170=EDGE_CURVE('',#942,#943,#453,.T.);
#1171=EDGE_CURVE('',#936,#943,#454,.T.);
#1172=EDGE_CURVE('',#944,#945,#455,.T.);
#1173=EDGE_CURVE('',#944,#946,#456,.T.);
#1174=EDGE_CURVE('',#947,#946,#457,.T.);
#1175=EDGE_CURVE('',#945,#947,#458,.T.);
#1176=EDGE_CURVE('',#944,#948,#44,.T.);
#1177=EDGE_CURVE('',#948,#949,#459,.T.);
#1178=EDGE_CURVE('',#946,#949,#45,.T.);
#1179=EDGE_CURVE('',#950,#948,#460,.T.);
#1180=EDGE_CURVE('',#951,#950,#461,.T.);
#1181=EDGE_CURVE('',#949,#951,#462,.T.);
#1182=EDGE_CURVE('',#952,#953,#463,.T.);
#1183=EDGE_CURVE('',#952,#954,#464,.T.);
#1184=EDGE_CURVE('',#955,#954,#465,.T.);
#1185=EDGE_CURVE('',#953,#955,#466,.T.);
#1186=EDGE_CURVE('',#952,#956,#46,.T.);
#1187=EDGE_CURVE('',#956,#957,#467,.T.);
#1188=EDGE_CURVE('',#954,#957,#47,.T.);
#1189=EDGE_CURVE('',#958,#956,#468,.T.);
#1190=EDGE_CURVE('',#959,#958,#469,.T.);
#1191=EDGE_CURVE('',#957,#959,#470,.T.);
#1192=EDGE_CURVE('',#960,#961,#471,.T.);
#1193=EDGE_CURVE('',#962,#960,#472,.T.);
#1194=EDGE_CURVE('',#963,#962,#473,.T.);
#1195=EDGE_CURVE('',#961,#963,#474,.T.);
#1196=EDGE_CURVE('',#964,#965,#475,.T.);
#1197=EDGE_CURVE('',#966,#964,#476,.T.);
#1198=EDGE_CURVE('',#967,#966,#477,.T.);
#1199=EDGE_CURVE('',#967,#965,#478,.T.);
#1200=EDGE_CURVE('',#965,#960,#48,.T.);
#1201=EDGE_CURVE('',#967,#962,#49,.T.);
#1202=EDGE_CURVE('',#968,#969,#479,.T.);
#1203=EDGE_CURVE('',#970,#968,#480,.T.);
#1204=EDGE_CURVE('',#971,#970,#481,.T.);
#1205=EDGE_CURVE('',#969,#971,#482,.T.);
#1206=EDGE_CURVE('',#972,#968,#50,.T.);
#1207=EDGE_CURVE('',#973,#972,#483,.T.);
#1208=EDGE_CURVE('',#973,#970,#51,.T.);
#1209=EDGE_CURVE('',#974,#972,#484,.T.);
#1210=EDGE_CURVE('',#975,#974,#485,.T.);
#1211=EDGE_CURVE('',#973,#975,#486,.T.);
#1212=EDGE_CURVE('',#951,#976,#52,.T.);
#1213=EDGE_CURVE('',#976,#977,#487,.T.);
#1214=EDGE_CURVE('',#977,#978,#53,.T.);
#1215=EDGE_CURVE('',#978,#979,#488,.T.);
#1216=EDGE_CURVE('',#979,#980,#54,.T.);
#1217=EDGE_CURVE('',#980,#981,#489,.T.);
#1218=EDGE_CURVE('',#981,#982,#55,.T.);
#1219=EDGE_CURVE('',#982,#983,#490,.T.);
#1220=EDGE_CURVE('',#983,#947,#56,.T.);
#1221=EDGE_CURVE('',#984,#984,#57,.T.);
#1222=EDGE_CURVE('',#985,#945,#58,.T.);
#1223=EDGE_CURVE('',#986,#985,#491,.T.);
#1224=EDGE_CURVE('',#986,#987,#59,.T.);
#1225=EDGE_CURVE('',#988,#987,#60,.T.);
#1226=EDGE_CURVE('',#904,#988,#61,.T.);
#1227=EDGE_CURVE('',#989,#903,#62,.T.);
#1228=EDGE_CURVE('',#990,#989,#492,.T.);
#1229=EDGE_CURVE('',#950,#990,#63,.T.);
#1230=EDGE_CURVE('',#991,#991,#64,.T.);
#1231=EDGE_CURVE('',#990,#992,#493,.T.);
#1232=EDGE_CURVE('',#992,#976,#494,.T.);
#1233=EDGE_CURVE('',#993,#983,#495,.T.);
#1234=EDGE_CURVE('',#921,#993,#496,.T.);
#1235=EDGE_CURVE('',#920,#985,#497,.T.);
#1236=EDGE_CURVE('',#959,#994,#65,.T.);
#1237=EDGE_CURVE('',#995,#994,#498,.T.);
#1238=EDGE_CURVE('',#995,#996,#66,.T.);
#1239=EDGE_CURVE('',#997,#996,#499,.T.);
#1240=EDGE_CURVE('',#997,#998,#67,.T.);
#1241=EDGE_CURVE('',#999,#998,#500,.T.);
#1242=EDGE_CURVE('',#999,#1000,#68,.T.);
#1243=EDGE_CURVE('',#1001,#1000,#501,.T.);
#1244=EDGE_CURVE('',#1001,#955,#69,.T.);
#1245=EDGE_CURVE('',#1002,#1002,#70,.T.);
#1246=EDGE_CURVE('',#1003,#953,#71,.T.);
#1247=EDGE_CURVE('',#1004,#1003,#502,.T.);
#1248=EDGE_CURVE('',#1004,#1005,#72,.T.);
#1249=EDGE_CURVE('',#1006,#1005,#503,.T.);
#1250=EDGE_CURVE('',#958,#1006,#73,.T.);
#1251=EDGE_CURVE('',#1007,#1007,#74,.T.);
#1252=EDGE_CURVE('',#1006,#1008,#504,.T.);
#1253=EDGE_CURVE('',#1009,#1008,#75,.T.);
#1254=EDGE_CURVE('',#1009,#1010,#505,.T.);
#1255=EDGE_CURVE('',#1010,#994,#506,.T.);
#1256=EDGE_CURVE('',#1011,#1001,#507,.T.);
#1257=EDGE_CURVE('',#1012,#1011,#508,.T.);
#1258=EDGE_CURVE('',#1013,#1012,#76,.T.);
#1259=EDGE_CURVE('',#1013,#1003,#509,.T.);
#1260=EDGE_CURVE('',#1014,#964,#77,.T.);
#1261=EDGE_CURVE('',#1015,#1014,#510,.T.);
#1262=EDGE_CURVE('',#912,#1015,#511,.T.);
#1263=EDGE_CURVE('',#940,#966,#78,.T.);
#1264=EDGE_CURVE('',#963,#1016,#79,.T.);
#1265=EDGE_CURVE('',#1016,#933,#512,.T.);
#1266=EDGE_CURVE('',#932,#1017,#513,.T.);
#1267=EDGE_CURVE('',#1017,#1018,#514,.T.);
#1268=EDGE_CURVE('',#961,#1018,#80,.T.);
#1269=EDGE_CURVE('',#909,#1019,#515,.T.);
#1270=EDGE_CURVE('',#1020,#1019,#81,.T.);
#1271=EDGE_CURVE('',#1020,#1021,#516,.T.);
#1272=EDGE_CURVE('',#943,#1021,#82,.T.);
#1273=EDGE_CURVE('',#1016,#941,#517,.T.);
#1274=EDGE_CURVE('',#1022,#1022,#83,.T.);
#1275=EDGE_CURVE('',#969,#1023,#84,.T.);
#1276=EDGE_CURVE('',#1023,#1024,#518,.T.);
#1277=EDGE_CURVE('',#1024,#1025,#85,.T.);
#1278=EDGE_CURVE('',#1025,#1026,#519,.T.);
#1279=EDGE_CURVE('',#1026,#1027,#86,.T.);
#1280=EDGE_CURVE('',#1027,#1028,#520,.T.);
#1281=EDGE_CURVE('',#1028,#1029,#87,.T.);
#1282=EDGE_CURVE('',#1029,#1030,#521,.T.);
#1283=EDGE_CURVE('',#1030,#974,#88,.T.);
#1284=EDGE_CURVE('',#1031,#1031,#89,.T.);
#1285=EDGE_CURVE('',#971,#1032,#90,.T.);
#1286=EDGE_CURVE('',#1032,#1033,#522,.T.);
#1287=EDGE_CURVE('',#1034,#1033,#91,.T.);
#1288=EDGE_CURVE('',#1034,#1035,#523,.T.);
#1289=EDGE_CURVE('',#1035,#1023,#524,.T.);
#1290=EDGE_CURVE('',#919,#986,#525,.T.);
#1291=EDGE_CURVE('',#1036,#1005,#526,.T.);
#1292=EDGE_CURVE('',#1008,#1036,#527,.T.);
#1293=EDGE_CURVE('',#1037,#1013,#528,.T.);
#1294=EDGE_CURVE('',#1037,#1004,#529,.T.);
#1295=EDGE_CURVE('',#1032,#1038,#530,.T.);
#1296=EDGE_CURVE('',#1039,#1038,#531,.T.);
#1297=EDGE_CURVE('',#1033,#1039,#532,.T.);
#1298=EDGE_CURVE('',#1040,#1041,#533,.T.);
#1299=EDGE_CURVE('',#1042,#1040,#534,.T.);
#1300=EDGE_CURVE('',#1042,#1043,#535,.T.);
#1301=EDGE_CURVE('',#1043,#1041,#536,.T.);
#1302=EDGE_CURVE('',#1037,#1036,#92,.T.);
#1303=EDGE_CURVE('',#1044,#1012,#537,.T.);
#1304=EDGE_CURVE('',#1044,#1045,#93,.T.);
#1305=EDGE_CURVE('',#1045,#1046,#538,.T.);
#1306=EDGE_CURVE('',#1047,#1046,#94,.T.);
#1307=EDGE_CURVE('',#1047,#1048,#539,.T.);
#1308=EDGE_CURVE('',#1049,#1048,#95,.T.);
#1309=EDGE_CURVE('',#1049,#1050,#540,.T.);
#1310=EDGE_CURVE('',#1050,#1051,#96,.T.);
#1311=EDGE_CURVE('',#1034,#1051,#541,.T.);
#1312=EDGE_CURVE('',#1042,#1039,#97,.T.);
#1313=EDGE_CURVE('',#1040,#1052,#98,.T.);
#1314=EDGE_CURVE('',#1053,#1052,#542,.T.);
#1315=EDGE_CURVE('',#1054,#1053,#543,.T.);
#1316=EDGE_CURVE('',#1009,#1054,#544,.T.);
#1317=EDGE_CURVE('',#1041,#975,#99,.T.);
#1318=EDGE_CURVE('',#1043,#1038,#100,.T.);
#1319=EDGE_CURVE('',#1055,#1055,#101,.T.);
#1320=EDGE_CURVE('',#931,#1056,#545,.T.);
#1321=EDGE_CURVE('',#1057,#1056,#546,.T.);
#1322=EDGE_CURVE('',#1057,#1058,#547,.T.);
#1323=EDGE_CURVE('',#1058,#1059,#548,.T.);
#1324=EDGE_CURVE('',#1059,#1060,#549,.T.);
#1325=EDGE_CURVE('',#1061,#1060,#550,.T.);
#1326=EDGE_CURVE('',#1061,#1062,#551,.T.);
#1327=EDGE_CURVE('',#1062,#1063,#552,.T.);
#1328=EDGE_CURVE('',#1063,#1064,#553,.T.);
#1329=EDGE_CURVE('',#1065,#1064,#554,.T.);
#1330=EDGE_CURVE('',#1065,#1053,#555,.T.);
#1331=EDGE_CURVE('',#1052,#1066,#556,.T.);
#1332=EDGE_CURVE('',#1067,#1066,#557,.T.);
#1333=EDGE_CURVE('',#1017,#1067,#558,.T.);
#1334=EDGE_CURVE('',#1068,#930,#559,.T.);
#1335=EDGE_CURVE('',#1056,#1068,#560,.T.);
#1336=EDGE_CURVE('',#1068,#1069,#561,.T.);
#1337=EDGE_CURVE('',#1069,#1057,#562,.T.);
#1338=EDGE_CURVE('',#1070,#1058,#563,.T.);
#1339=EDGE_CURVE('',#1070,#1069,#564,.T.);
#1340=EDGE_CURVE('',#1071,#1070,#565,.T.);
#1341=EDGE_CURVE('',#1059,#1071,#566,.T.);
#1342=EDGE_CURVE('',#1072,#1071,#567,.T.);
#1343=EDGE_CURVE('',#1060,#1072,#568,.T.);
#1344=EDGE_CURVE('',#1072,#1073,#569,.T.);
#1345=EDGE_CURVE('',#1073,#1061,#570,.T.);
#1346=EDGE_CURVE('',#1074,#1062,#571,.T.);
#1347=EDGE_CURVE('',#1074,#1073,#572,.T.);
#1348=EDGE_CURVE('',#1075,#1074,#573,.T.);
#1349=EDGE_CURVE('',#1063,#1075,#574,.T.);
#1350=EDGE_CURVE('',#1076,#1075,#575,.T.);
#1351=EDGE_CURVE('',#1064,#1076,#576,.T.);
#1352=EDGE_CURVE('',#1076,#1077,#577,.T.);
#1353=EDGE_CURVE('',#1077,#1065,#578,.T.);
#1354=EDGE_CURVE('',#1054,#1077,#579,.T.);
#1355=EDGE_CURVE('',#1066,#1030,#580,.T.);
#1356=EDGE_CURVE('',#1067,#1029,#581,.T.);
#1357=EDGE_CURVE('',#1017,#1078,#102,.T.);
#1358=EDGE_CURVE('',#1079,#1067,#103,.T.);
#1359=EDGE_CURVE('',#1080,#1079,#582,.T.);
#1360=EDGE_CURVE('',#1081,#1080,#104,.T.);
#1361=EDGE_CURVE('',#1082,#1081,#583,.T.);
#1362=EDGE_CURVE('',#1083,#1082,#105,.T.);
#1363=EDGE_CURVE('',#1083,#1084,#584,.T.);
#1364=EDGE_CURVE('',#1085,#1084,#106,.T.);
#1365=EDGE_CURVE('',#1086,#1085,#585,.T.);
#1366=EDGE_CURVE('',#1086,#1087,#107,.T.);
#1367=EDGE_CURVE('',#1088,#1087,#586,.T.);
#1368=EDGE_CURVE('',#1088,#1089,#108,.T.);
#1369=EDGE_CURVE('',#1090,#1089,#587,.T.);
#1370=EDGE_CURVE('',#1091,#1090,#109,.T.);
#1371=EDGE_CURVE('',#1091,#1092,#588,.T.);
#1372=EDGE_CURVE('',#1093,#1092,#110,.T.);
#1373=EDGE_CURVE('',#1093,#1094,#589,.T.);
#1374=EDGE_CURVE('',#1095,#1094,#111,.T.);
#1375=EDGE_CURVE('',#1095,#1096,#590,.T.);
#1376=EDGE_CURVE('',#1097,#1096,#112,.T.);
#1377=EDGE_CURVE('',#1097,#1098,#591,.T.);
#1378=EDGE_CURVE('',#1099,#1098,#113,.T.);
#1379=EDGE_CURVE('',#1100,#1099,#592,.T.);
#1380=EDGE_CURVE('',#1101,#1100,#114,.T.);
#1381=EDGE_CURVE('',#905,#1101,#593,.T.);
#1382=EDGE_CURVE('',#905,#1102,#115,.T.);
#1383=EDGE_CURVE('',#1103,#1102,#594,.T.);
#1384=EDGE_CURVE('',#1103,#1104,#116,.T.);
#1385=EDGE_CURVE('',#1105,#1104,#595,.T.);
#1386=EDGE_CURVE('',#1106,#1105,#117,.T.);
#1387=EDGE_CURVE('',#1106,#1015,#596,.T.);
#1388=EDGE_CURVE('',#1107,#1015,#118,.T.);
#1389=EDGE_CURVE('',#1107,#1078,#119,.T.);
#1390=EDGE_CURVE('',#1108,#1109,#120,.T.);
#1391=EDGE_CURVE('',#1109,#1110,#597,.T.);
#1392=EDGE_CURVE('',#1110,#1111,#121,.T.);
#1393=EDGE_CURVE('',#1111,#1108,#598,.T.);
#1394=EDGE_CURVE('',#1112,#1112,#122,.T.);
#1395=EDGE_CURVE('',#1113,#1113,#123,.T.);
#1396=EDGE_CURVE('',#913,#1106,#599,.T.);
#1397=EDGE_CURVE('',#914,#1105,#600,.T.);
#1398=EDGE_CURVE('',#915,#1104,#601,.T.);
#1399=EDGE_CURVE('',#916,#1103,#602,.T.);
#1400=EDGE_CURVE('',#988,#1102,#603,.T.);
#1401=EDGE_CURVE('',#917,#988,#604,.T.);
#1402=EDGE_CURVE('',#918,#987,#605,.T.);
#1403=EDGE_CURVE('',#906,#978,#606,.T.);
#1404=EDGE_CURVE('',#1114,#977,#607,.T.);
#1405=EDGE_CURVE('',#989,#1114,#608,.T.);
#1406=EDGE_CURVE('',#992,#1114,#609,.T.);
#1407=EDGE_CURVE('',#929,#1115,#610,.T.);
#1408=EDGE_CURVE('',#1116,#1115,#611,.T.);
#1409=EDGE_CURVE('',#1116,#926,#612,.T.);
#1410=EDGE_CURVE('',#925,#1117,#613,.T.);
#1411=EDGE_CURVE('',#1118,#1117,#614,.T.);
#1412=EDGE_CURVE('',#1118,#922,#615,.T.);
#1413=EDGE_CURVE('',#1098,#993,#616,.T.);
#1414=EDGE_CURVE('',#1010,#1097,#617,.T.);
#1415=EDGE_CURVE('',#1119,#1118,#618,.T.);
#1416=EDGE_CURVE('',#923,#1119,#619,.T.);
#1417=EDGE_CURVE('',#924,#1120,#620,.T.);
#1418=EDGE_CURVE('',#1120,#1119,#124,.T.);
#1419=EDGE_CURVE('',#1117,#1120,#621,.T.);
#1420=EDGE_CURVE('',#1121,#1116,#622,.T.);
#1421=EDGE_CURVE('',#927,#1121,#623,.T.);
#1422=EDGE_CURVE('',#928,#1122,#624,.T.);
#1423=EDGE_CURVE('',#1122,#1121,#125,.T.);
#1424=EDGE_CURVE('',#1115,#1122,#625,.T.);
#1425=EDGE_CURVE('',#938,#1111,#626,.T.);
#1426=EDGE_CURVE('',#937,#1108,#627,.T.);
#1427=EDGE_CURVE('',#939,#1019,#628,.T.);
#1428=EDGE_CURVE('',#1020,#1110,#629,.T.);
#1429=EDGE_CURVE('',#1021,#1109,#630,.T.);
#1430=EDGE_CURVE('',#1044,#1091,#631,.T.);
#1431=EDGE_CURVE('',#1092,#1011,#632,.T.);
#1432=EDGE_CURVE('',#1045,#1090,#633,.T.);
#1433=EDGE_CURVE('',#1046,#1089,#634,.T.);
#1434=EDGE_CURVE('',#1047,#1088,#635,.T.);
#1435=EDGE_CURVE('',#1048,#1087,#636,.T.);
#1436=EDGE_CURVE('',#1049,#1086,#637,.T.);
#1437=EDGE_CURVE('',#1050,#1085,#638,.T.);
#1438=EDGE_CURVE('',#1051,#1084,#639,.T.);
#1439=EDGE_CURVE('',#1035,#1083,#640,.T.);
#1440=EDGE_CURVE('',#1079,#1028,#641,.T.);
#1441=EDGE_CURVE('',#1078,#1123,#642,.T.);
#1442=EDGE_CURVE('',#1018,#1123,#126,.T.);
#1443=EDGE_CURVE('',#1107,#1124,#643,.T.);
#1444=EDGE_CURVE('',#1124,#1123,#127,.T.);
#1445=EDGE_CURVE('',#1078,#1022,#644,.T.);
#1446=EDGE_CURVE('',#1124,#1014,#128,.T.);
#1447=EDGE_CURVE('',#1101,#979,#645,.T.);
#1448=EDGE_CURVE('',#1100,#980,#646,.T.);
#1449=EDGE_CURVE('',#1099,#981,#647,.T.);
#1450=EDGE_CURVE('',#1098,#982,#648,.T.);
#1451=EDGE_CURVE('',#1096,#996,#649,.T.);
#1452=EDGE_CURVE('',#1097,#995,#650,.T.);
#1453=EDGE_CURVE('',#1095,#997,#651,.T.);
#1454=EDGE_CURVE('',#1094,#998,#652,.T.);
#1455=EDGE_CURVE('',#1093,#999,#653,.T.);
#1456=EDGE_CURVE('',#1092,#1000,#654,.T.);
#1457=EDGE_CURVE('',#1082,#1025,#655,.T.);
#1458=EDGE_CURVE('',#1083,#1024,#656,.T.);
#1459=EDGE_CURVE('',#1081,#1026,#657,.T.);
#1460=EDGE_CURVE('',#1080,#1027,#658,.T.);
#1461=EDGE_CURVE('',#1112,#1125,#659,.T.);
#1462=EDGE_CURVE('',#1125,#1125,#129,.T.);
#1463=EDGE_CURVE('',#1113,#1126,#660,.T.);
#1464=EDGE_CURVE('',#1126,#1126,#130,.T.);
#1465=EDGE_CURVE('',#1031,#1055,#661,.T.);
#1466=EDGE_CURVE('',#984,#991,#662,.T.);
#1467=EDGE_CURVE('',#1002,#1007,#663,.T.);
#1468=ORIENTED_EDGE('',*,*,#1127,.T.);
#1469=ORIENTED_EDGE('',*,*,#1128,.T.);
#1470=ORIENTED_EDGE('',*,*,#1129,.T.);
#1471=ORIENTED_EDGE('',*,*,#1130,.F.);
#1472=ORIENTED_EDGE('',*,*,#1131,.T.);
#1473=ORIENTED_EDGE('',*,*,#1132,.T.);
#1474=ORIENTED_EDGE('',*,*,#1133,.T.);
#1475=ORIENTED_EDGE('',*,*,#1134,.T.);
#1476=ORIENTED_EDGE('',*,*,#1131,.F.);
#1477=ORIENTED_EDGE('',*,*,#1135,.T.);
#1478=ORIENTED_EDGE('',*,*,#1136,.T.);
#1479=ORIENTED_EDGE('',*,*,#1137,.F.);
#1480=ORIENTED_EDGE('',*,*,#1138,.T.);
#1481=ORIENTED_EDGE('',*,*,#1139,.T.);
#1482=ORIENTED_EDGE('',*,*,#1140,.F.);
#1483=ORIENTED_EDGE('',*,*,#1141,.T.);
#1484=ORIENTED_EDGE('',*,*,#1142,.T.);
#1485=ORIENTED_EDGE('',*,*,#1143,.F.);
#1486=ORIENTED_EDGE('',*,*,#1144,.T.);
#1487=ORIENTED_EDGE('',*,*,#1145,.T.);
#1488=ORIENTED_EDGE('',*,*,#1146,.F.);
#1489=ORIENTED_EDGE('',*,*,#1147,.F.);
#1490=ORIENTED_EDGE('',*,*,#1148,.F.);
#1491=ORIENTED_EDGE('',*,*,#1149,.F.);
#1492=ORIENTED_EDGE('',*,*,#1150,.F.);
#1493=ORIENTED_EDGE('',*,*,#1151,.F.);
#1494=ORIENTED_EDGE('',*,*,#1152,.F.);
#1495=ORIENTED_EDGE('',*,*,#1153,.F.);
#1496=ORIENTED_EDGE('',*,*,#1154,.F.);
#1497=ORIENTED_EDGE('',*,*,#1155,.F.);
#1498=ORIENTED_EDGE('',*,*,#1156,.F.);
#1499=ORIENTED_EDGE('',*,*,#1157,.T.);
#1500=ORIENTED_EDGE('',*,*,#1158,.T.);
#1501=ORIENTED_EDGE('',*,*,#1159,.F.);
#1502=ORIENTED_EDGE('',*,*,#1160,.T.);
#1503=ORIENTED_EDGE('',*,*,#1161,.F.);
#1504=ORIENTED_EDGE('',*,*,#1162,.F.);
#1505=ORIENTED_EDGE('',*,*,#1163,.F.);
#1506=ORIENTED_EDGE('',*,*,#1164,.F.);
#1507=ORIENTED_EDGE('',*,*,#1134,.F.);
#1508=ORIENTED_EDGE('',*,*,#1165,.T.);
#1509=ORIENTED_EDGE('',*,*,#1166,.F.);
#1510=ORIENTED_EDGE('',*,*,#1135,.F.);
#1511=ORIENTED_EDGE('',*,*,#1159,.T.);
#1512=ORIENTED_EDGE('',*,*,#1167,.T.);
#1513=ORIENTED_EDGE('',*,*,#1168,.T.);
#1514=ORIENTED_EDGE('',*,*,#1169,.T.);
#1515=ORIENTED_EDGE('',*,*,#1169,.F.);
#1516=ORIENTED_EDGE('',*,*,#1170,.T.);
#1517=ORIENTED_EDGE('',*,*,#1171,.F.);
#1518=ORIENTED_EDGE('',*,*,#1160,.F.);
#1519=ORIENTED_EDGE('',*,*,#1172,.F.);
#1520=ORIENTED_EDGE('',*,*,#1173,.T.);
#1521=ORIENTED_EDGE('',*,*,#1174,.F.);
#1522=ORIENTED_EDGE('',*,*,#1175,.F.);
#1523=ORIENTED_EDGE('',*,*,#1176,.T.);
#1524=ORIENTED_EDGE('',*,*,#1177,.T.);
#1525=ORIENTED_EDGE('',*,*,#1178,.F.);
#1526=ORIENTED_EDGE('',*,*,#1173,.F.);
#1527=ORIENTED_EDGE('',*,*,#1179,.F.);
#1528=ORIENTED_EDGE('',*,*,#1180,.F.);
#1529=ORIENTED_EDGE('',*,*,#1181,.F.);
#1530=ORIENTED_EDGE('',*,*,#1177,.F.);
#1531=ORIENTED_EDGE('',*,*,#1182,.F.);
#1532=ORIENTED_EDGE('',*,*,#1183,.T.);
#1533=ORIENTED_EDGE('',*,*,#1184,.F.);
#1534=ORIENTED_EDGE('',*,*,#1185,.F.);
#1535=ORIENTED_EDGE('',*,*,#1186,.T.);
#1536=ORIENTED_EDGE('',*,*,#1187,.T.);
#1537=ORIENTED_EDGE('',*,*,#1188,.F.);
#1538=ORIENTED_EDGE('',*,*,#1183,.F.);
#1539=ORIENTED_EDGE('',*,*,#1189,.F.);
#1540=ORIENTED_EDGE('',*,*,#1190,.F.);
#1541=ORIENTED_EDGE('',*,*,#1191,.F.);
#1542=ORIENTED_EDGE('',*,*,#1187,.F.);
#1543=ORIENTED_EDGE('',*,*,#1192,.F.);
#1544=ORIENTED_EDGE('',*,*,#1193,.F.);
#1545=ORIENTED_EDGE('',*,*,#1194,.F.);
#1546=ORIENTED_EDGE('',*,*,#1195,.F.);
#1547=ORIENTED_EDGE('',*,*,#1196,.F.);
#1548=ORIENTED_EDGE('',*,*,#1197,.F.);
#1549=ORIENTED_EDGE('',*,*,#1198,.F.);
#1550=ORIENTED_EDGE('',*,*,#1199,.T.);
#1551=ORIENTED_EDGE('',*,*,#1200,.F.);
#1552=ORIENTED_EDGE('',*,*,#1199,.F.);
#1553=ORIENTED_EDGE('',*,*,#1201,.T.);
#1554=ORIENTED_EDGE('',*,*,#1193,.T.);
#1555=ORIENTED_EDGE('',*,*,#1202,.F.);
#1556=ORIENTED_EDGE('',*,*,#1203,.F.);
#1557=ORIENTED_EDGE('',*,*,#1204,.F.);
#1558=ORIENTED_EDGE('',*,*,#1205,.F.);
#1559=ORIENTED_EDGE('',*,*,#1206,.F.);
#1560=ORIENTED_EDGE('',*,*,#1207,.F.);
#1561=ORIENTED_EDGE('',*,*,#1208,.T.);
#1562=ORIENTED_EDGE('',*,*,#1203,.T.);
#1563=ORIENTED_EDGE('',*,*,#1209,.F.);
#1564=ORIENTED_EDGE('',*,*,#1210,.F.);
#1565=ORIENTED_EDGE('',*,*,#1211,.F.);
#1566=ORIENTED_EDGE('',*,*,#1207,.T.);
#1567=ORIENTED_EDGE('',*,*,#1174,.T.);
#1568=ORIENTED_EDGE('',*,*,#1178,.T.);
#1569=ORIENTED_EDGE('',*,*,#1181,.T.);
#1570=ORIENTED_EDGE('',*,*,#1212,.T.);
#1571=ORIENTED_EDGE('',*,*,#1213,.T.);
#1572=ORIENTED_EDGE('',*,*,#1214,.T.);
#1573=ORIENTED_EDGE('',*,*,#1215,.T.);
#1574=ORIENTED_EDGE('',*,*,#1216,.T.);
#1575=ORIENTED_EDGE('',*,*,#1217,.T.);
#1576=ORIENTED_EDGE('',*,*,#1218,.T.);
#1577=ORIENTED_EDGE('',*,*,#1219,.T.);
#1578=ORIENTED_EDGE('',*,*,#1220,.T.);
#1579=ORIENTED_EDGE('',*,*,#1221,.T.);
#1580=ORIENTED_EDGE('',*,*,#1172,.T.);
#1581=ORIENTED_EDGE('',*,*,#1222,.F.);
#1582=ORIENTED_EDGE('',*,*,#1223,.F.);
#1583=ORIENTED_EDGE('',*,*,#1224,.T.);
#1584=ORIENTED_EDGE('',*,*,#1225,.F.);
#1585=ORIENTED_EDGE('',*,*,#1226,.F.);
#1586=ORIENTED_EDGE('',*,*,#1127,.F.);
#1587=ORIENTED_EDGE('',*,*,#1227,.F.);
#1588=ORIENTED_EDGE('',*,*,#1228,.F.);
#1589=ORIENTED_EDGE('',*,*,#1229,.F.);
#1590=ORIENTED_EDGE('',*,*,#1179,.T.);
#1591=ORIENTED_EDGE('',*,*,#1176,.F.);
#1592=ORIENTED_EDGE('',*,*,#1230,.F.);
#1593=ORIENTED_EDGE('',*,*,#1229,.T.);
#1594=ORIENTED_EDGE('',*,*,#1231,.T.);
#1595=ORIENTED_EDGE('',*,*,#1232,.T.);
#1596=ORIENTED_EDGE('',*,*,#1212,.F.);
#1597=ORIENTED_EDGE('',*,*,#1180,.T.);
#1598=ORIENTED_EDGE('',*,*,#1175,.T.);
#1599=ORIENTED_EDGE('',*,*,#1220,.F.);
#1600=ORIENTED_EDGE('',*,*,#1233,.F.);
#1601=ORIENTED_EDGE('',*,*,#1234,.F.);
#1602=ORIENTED_EDGE('',*,*,#1145,.F.);
#1603=ORIENTED_EDGE('',*,*,#1235,.T.);
#1604=ORIENTED_EDGE('',*,*,#1222,.T.);
#1605=ORIENTED_EDGE('',*,*,#1184,.T.);
#1606=ORIENTED_EDGE('',*,*,#1188,.T.);
#1607=ORIENTED_EDGE('',*,*,#1191,.T.);
#1608=ORIENTED_EDGE('',*,*,#1236,.T.);
#1609=ORIENTED_EDGE('',*,*,#1237,.F.);
#1610=ORIENTED_EDGE('',*,*,#1238,.T.);
#1611=ORIENTED_EDGE('',*,*,#1239,.F.);
#1612=ORIENTED_EDGE('',*,*,#1240,.T.);
#1613=ORIENTED_EDGE('',*,*,#1241,.F.);
#1614=ORIENTED_EDGE('',*,*,#1242,.T.);
#1615=ORIENTED_EDGE('',*,*,#1243,.F.);
#1616=ORIENTED_EDGE('',*,*,#1244,.T.);
#1617=ORIENTED_EDGE('',*,*,#1245,.T.);
#1618=ORIENTED_EDGE('',*,*,#1182,.T.);
#1619=ORIENTED_EDGE('',*,*,#1246,.F.);
#1620=ORIENTED_EDGE('',*,*,#1247,.F.);
#1621=ORIENTED_EDGE('',*,*,#1248,.T.);
#1622=ORIENTED_EDGE('',*,*,#1249,.F.);
#1623=ORIENTED_EDGE('',*,*,#1250,.F.);
#1624=ORIENTED_EDGE('',*,*,#1189,.T.);
#1625=ORIENTED_EDGE('',*,*,#1186,.F.);
#1626=ORIENTED_EDGE('',*,*,#1251,.F.);
#1627=ORIENTED_EDGE('',*,*,#1190,.T.);
#1628=ORIENTED_EDGE('',*,*,#1250,.T.);
#1629=ORIENTED_EDGE('',*,*,#1252,.T.);
#1630=ORIENTED_EDGE('',*,*,#1253,.F.);
#1631=ORIENTED_EDGE('',*,*,#1254,.T.);
#1632=ORIENTED_EDGE('',*,*,#1255,.T.);
#1633=ORIENTED_EDGE('',*,*,#1236,.F.);
#1634=ORIENTED_EDGE('',*,*,#1185,.T.);
#1635=ORIENTED_EDGE('',*,*,#1244,.F.);
#1636=ORIENTED_EDGE('',*,*,#1256,.F.);
#1637=ORIENTED_EDGE('',*,*,#1257,.F.);
#1638=ORIENTED_EDGE('',*,*,#1258,.F.);
#1639=ORIENTED_EDGE('',*,*,#1259,.T.);
#1640=ORIENTED_EDGE('',*,*,#1246,.T.);
#1641=ORIENTED_EDGE('',*,*,#1197,.T.);
#1642=ORIENTED_EDGE('',*,*,#1260,.F.);
#1643=ORIENTED_EDGE('',*,*,#1261,.F.);
#1644=ORIENTED_EDGE('',*,*,#1262,.F.);
#1645=ORIENTED_EDGE('',*,*,#1136,.F.);
#1646=ORIENTED_EDGE('',*,*,#1166,.T.);
#1647=ORIENTED_EDGE('',*,*,#1263,.T.);
#1648=ORIENTED_EDGE('',*,*,#1195,.T.);
#1649=ORIENTED_EDGE('',*,*,#1264,.T.);
#1650=ORIENTED_EDGE('',*,*,#1265,.T.);
#1651=ORIENTED_EDGE('',*,*,#1157,.F.);
#1652=ORIENTED_EDGE('',*,*,#1266,.T.);
#1653=ORIENTED_EDGE('',*,*,#1267,.T.);
#1654=ORIENTED_EDGE('',*,*,#1268,.F.);
#1655=ORIENTED_EDGE('',*,*,#1194,.T.);
#1656=ORIENTED_EDGE('',*,*,#1201,.F.);
#1657=ORIENTED_EDGE('',*,*,#1198,.T.);
#1658=ORIENTED_EDGE('',*,*,#1263,.F.);
#1659=ORIENTED_EDGE('',*,*,#1165,.F.);
#1660=ORIENTED_EDGE('',*,*,#1133,.F.);
#1661=ORIENTED_EDGE('',*,*,#1269,.T.);
#1662=ORIENTED_EDGE('',*,*,#1270,.F.);
#1663=ORIENTED_EDGE('',*,*,#1271,.T.);
#1664=ORIENTED_EDGE('',*,*,#1272,.F.);
#1665=ORIENTED_EDGE('',*,*,#1170,.F.);
#1666=ORIENTED_EDGE('',*,*,#1168,.F.);
#1667=ORIENTED_EDGE('',*,*,#1273,.F.);
#1668=ORIENTED_EDGE('',*,*,#1264,.F.);
#1669=ORIENTED_EDGE('',*,*,#1274,.F.);
#1670=ORIENTED_EDGE('',*,*,#1209,.T.);
#1671=ORIENTED_EDGE('',*,*,#1206,.T.);
#1672=ORIENTED_EDGE('',*,*,#1202,.T.);
#1673=ORIENTED_EDGE('',*,*,#1275,.T.);
#1674=ORIENTED_EDGE('',*,*,#1276,.T.);
#1675=ORIENTED_EDGE('',*,*,#1277,.T.);
#1676=ORIENTED_EDGE('',*,*,#1278,.T.);
#1677=ORIENTED_EDGE('',*,*,#1279,.T.);
#1678=ORIENTED_EDGE('',*,*,#1280,.T.);
#1679=ORIENTED_EDGE('',*,*,#1281,.T.);
#1680=ORIENTED_EDGE('',*,*,#1282,.T.);
#1681=ORIENTED_EDGE('',*,*,#1283,.T.);
#1682=ORIENTED_EDGE('',*,*,#1284,.T.);
#1683=ORIENTED_EDGE('',*,*,#1205,.T.);
#1684=ORIENTED_EDGE('',*,*,#1285,.T.);
#1685=ORIENTED_EDGE('',*,*,#1286,.T.);
#1686=ORIENTED_EDGE('',*,*,#1287,.F.);
#1687=ORIENTED_EDGE('',*,*,#1288,.T.);
#1688=ORIENTED_EDGE('',*,*,#1289,.T.);
#1689=ORIENTED_EDGE('',*,*,#1275,.F.);
#1690=ORIENTED_EDGE('',*,*,#1235,.F.);
#1691=ORIENTED_EDGE('',*,*,#1144,.F.);
#1692=ORIENTED_EDGE('',*,*,#1290,.T.);
#1693=ORIENTED_EDGE('',*,*,#1223,.T.);
#1694=ORIENTED_EDGE('',*,*,#1252,.F.);
#1695=ORIENTED_EDGE('',*,*,#1249,.T.);
#1696=ORIENTED_EDGE('',*,*,#1291,.F.);
#1697=ORIENTED_EDGE('',*,*,#1292,.F.);
#1698=ORIENTED_EDGE('',*,*,#1259,.F.);
#1699=ORIENTED_EDGE('',*,*,#1293,.F.);
#1700=ORIENTED_EDGE('',*,*,#1294,.T.);
#1701=ORIENTED_EDGE('',*,*,#1247,.T.);
#1702=ORIENTED_EDGE('',*,*,#1167,.F.);
#1703=ORIENTED_EDGE('',*,*,#1158,.F.);
#1704=ORIENTED_EDGE('',*,*,#1265,.F.);
#1705=ORIENTED_EDGE('',*,*,#1273,.T.);
#1706=ORIENTED_EDGE('',*,*,#1286,.F.);
#1707=ORIENTED_EDGE('',*,*,#1295,.T.);
#1708=ORIENTED_EDGE('',*,*,#1296,.F.);
#1709=ORIENTED_EDGE('',*,*,#1297,.F.);
#1710=ORIENTED_EDGE('',*,*,#1298,.F.);
#1711=ORIENTED_EDGE('',*,*,#1299,.F.);
#1712=ORIENTED_EDGE('',*,*,#1300,.T.);
#1713=ORIENTED_EDGE('',*,*,#1301,.T.);
#1714=ORIENTED_EDGE('',*,*,#1291,.T.);
#1715=ORIENTED_EDGE('',*,*,#1248,.F.);
#1716=ORIENTED_EDGE('',*,*,#1294,.F.);
#1717=ORIENTED_EDGE('',*,*,#1302,.T.);
#1718=ORIENTED_EDGE('',*,*,#1292,.T.);
#1719=ORIENTED_EDGE('',*,*,#1302,.F.);
#1720=ORIENTED_EDGE('',*,*,#1293,.T.);
#1721=ORIENTED_EDGE('',*,*,#1258,.T.);
#1722=ORIENTED_EDGE('',*,*,#1303,.F.);
#1723=ORIENTED_EDGE('',*,*,#1304,.T.);
#1724=ORIENTED_EDGE('',*,*,#1305,.T.);
#1725=ORIENTED_EDGE('',*,*,#1306,.F.);
#1726=ORIENTED_EDGE('',*,*,#1307,.T.);
#1727=ORIENTED_EDGE('',*,*,#1308,.F.);
#1728=ORIENTED_EDGE('',*,*,#1309,.T.);
#1729=ORIENTED_EDGE('',*,*,#1310,.T.);
#1730=ORIENTED_EDGE('',*,*,#1311,.F.);
#1731=ORIENTED_EDGE('',*,*,#1287,.T.);
#1732=ORIENTED_EDGE('',*,*,#1297,.T.);
#1733=ORIENTED_EDGE('',*,*,#1312,.F.);
#1734=ORIENTED_EDGE('',*,*,#1299,.T.);
#1735=ORIENTED_EDGE('',*,*,#1313,.T.);
#1736=ORIENTED_EDGE('',*,*,#1314,.F.);
#1737=ORIENTED_EDGE('',*,*,#1315,.F.);
#1738=ORIENTED_EDGE('',*,*,#1316,.F.);
#1739=ORIENTED_EDGE('',*,*,#1253,.T.);
#1740=ORIENTED_EDGE('',*,*,#1211,.T.);
#1741=ORIENTED_EDGE('',*,*,#1317,.F.);
#1742=ORIENTED_EDGE('',*,*,#1301,.F.);
#1743=ORIENTED_EDGE('',*,*,#1318,.T.);
#1744=ORIENTED_EDGE('',*,*,#1295,.F.);
#1745=ORIENTED_EDGE('',*,*,#1285,.F.);
#1746=ORIENTED_EDGE('',*,*,#1204,.T.);
#1747=ORIENTED_EDGE('',*,*,#1208,.F.);
#1748=ORIENTED_EDGE('',*,*,#1319,.F.);
#1749=ORIENTED_EDGE('',*,*,#1300,.F.);
#1750=ORIENTED_EDGE('',*,*,#1312,.T.);
#1751=ORIENTED_EDGE('',*,*,#1296,.T.);
#1752=ORIENTED_EDGE('',*,*,#1318,.F.);
#1753=ORIENTED_EDGE('',*,*,#1156,.T.);
#1754=ORIENTED_EDGE('',*,*,#1320,.T.);
#1755=ORIENTED_EDGE('',*,*,#1321,.F.);
#1756=ORIENTED_EDGE('',*,*,#1322,.T.);
#1757=ORIENTED_EDGE('',*,*,#1323,.T.);
#1758=ORIENTED_EDGE('',*,*,#1324,.T.);
#1759=ORIENTED_EDGE('',*,*,#1325,.F.);
#1760=ORIENTED_EDGE('',*,*,#1326,.T.);
#1761=ORIENTED_EDGE('',*,*,#1327,.T.);
#1762=ORIENTED_EDGE('',*,*,#1328,.T.);
#1763=ORIENTED_EDGE('',*,*,#1329,.F.);
#1764=ORIENTED_EDGE('',*,*,#1330,.T.);
#1765=ORIENTED_EDGE('',*,*,#1314,.T.);
#1766=ORIENTED_EDGE('',*,*,#1331,.T.);
#1767=ORIENTED_EDGE('',*,*,#1332,.F.);
#1768=ORIENTED_EDGE('',*,*,#1333,.F.);
#1769=ORIENTED_EDGE('',*,*,#1266,.F.);
#1770=ORIENTED_EDGE('',*,*,#1155,.T.);
#1771=ORIENTED_EDGE('',*,*,#1334,.F.);
#1772=ORIENTED_EDGE('',*,*,#1335,.F.);
#1773=ORIENTED_EDGE('',*,*,#1320,.F.);
#1774=ORIENTED_EDGE('',*,*,#1335,.T.);
#1775=ORIENTED_EDGE('',*,*,#1336,.T.);
#1776=ORIENTED_EDGE('',*,*,#1337,.T.);
#1777=ORIENTED_EDGE('',*,*,#1321,.T.);
#1778=ORIENTED_EDGE('',*,*,#1338,.T.);
#1779=ORIENTED_EDGE('',*,*,#1322,.F.);
#1780=ORIENTED_EDGE('',*,*,#1337,.F.);
#1781=ORIENTED_EDGE('',*,*,#1339,.F.);
#1782=ORIENTED_EDGE('',*,*,#1338,.F.);
#1783=ORIENTED_EDGE('',*,*,#1340,.F.);
#1784=ORIENTED_EDGE('',*,*,#1341,.F.);
#1785=ORIENTED_EDGE('',*,*,#1323,.F.);
#1786=ORIENTED_EDGE('',*,*,#1341,.T.);
#1787=ORIENTED_EDGE('',*,*,#1342,.F.);
#1788=ORIENTED_EDGE('',*,*,#1343,.F.);
#1789=ORIENTED_EDGE('',*,*,#1324,.F.);
#1790=ORIENTED_EDGE('',*,*,#1343,.T.);
#1791=ORIENTED_EDGE('',*,*,#1344,.T.);
#1792=ORIENTED_EDGE('',*,*,#1345,.T.);
#1793=ORIENTED_EDGE('',*,*,#1325,.T.);
#1794=ORIENTED_EDGE('',*,*,#1346,.T.);
#1795=ORIENTED_EDGE('',*,*,#1326,.F.);
#1796=ORIENTED_EDGE('',*,*,#1345,.F.);
#1797=ORIENTED_EDGE('',*,*,#1347,.F.);
#1798=ORIENTED_EDGE('',*,*,#1346,.F.);
#1799=ORIENTED_EDGE('',*,*,#1348,.F.);
#1800=ORIENTED_EDGE('',*,*,#1349,.F.);
#1801=ORIENTED_EDGE('',*,*,#1327,.F.);
#1802=ORIENTED_EDGE('',*,*,#1349,.T.);
#1803=ORIENTED_EDGE('',*,*,#1350,.F.);
#1804=ORIENTED_EDGE('',*,*,#1351,.F.);
#1805=ORIENTED_EDGE('',*,*,#1328,.F.);
#1806=ORIENTED_EDGE('',*,*,#1351,.T.);
#1807=ORIENTED_EDGE('',*,*,#1352,.T.);
#1808=ORIENTED_EDGE('',*,*,#1353,.T.);
#1809=ORIENTED_EDGE('',*,*,#1329,.T.);
#1810=ORIENTED_EDGE('',*,*,#1315,.T.);
#1811=ORIENTED_EDGE('',*,*,#1330,.F.);
#1812=ORIENTED_EDGE('',*,*,#1353,.F.);
#1813=ORIENTED_EDGE('',*,*,#1354,.F.);
#1814=ORIENTED_EDGE('',*,*,#1210,.T.);
#1815=ORIENTED_EDGE('',*,*,#1283,.F.);
#1816=ORIENTED_EDGE('',*,*,#1355,.F.);
#1817=ORIENTED_EDGE('',*,*,#1331,.F.);
#1818=ORIENTED_EDGE('',*,*,#1313,.F.);
#1819=ORIENTED_EDGE('',*,*,#1298,.T.);
#1820=ORIENTED_EDGE('',*,*,#1317,.T.);
#1821=ORIENTED_EDGE('',*,*,#1356,.F.);
#1822=ORIENTED_EDGE('',*,*,#1332,.T.);
#1823=ORIENTED_EDGE('',*,*,#1355,.T.);
#1824=ORIENTED_EDGE('',*,*,#1282,.F.);
#1825=ORIENTED_EDGE('',*,*,#1357,.F.);
#1826=ORIENTED_EDGE('',*,*,#1333,.T.);
#1827=ORIENTED_EDGE('',*,*,#1358,.F.);
#1828=ORIENTED_EDGE('',*,*,#1359,.F.);
#1829=ORIENTED_EDGE('',*,*,#1360,.F.);
#1830=ORIENTED_EDGE('',*,*,#1361,.F.);
#1831=ORIENTED_EDGE('',*,*,#1362,.F.);
#1832=ORIENTED_EDGE('',*,*,#1363,.T.);
#1833=ORIENTED_EDGE('',*,*,#1364,.F.);
#1834=ORIENTED_EDGE('',*,*,#1365,.F.);
#1835=ORIENTED_EDGE('',*,*,#1366,.T.);
#1836=ORIENTED_EDGE('',*,*,#1367,.F.);
#1837=ORIENTED_EDGE('',*,*,#1368,.T.);
#1838=ORIENTED_EDGE('',*,*,#1369,.F.);
#1839=ORIENTED_EDGE('',*,*,#1370,.F.);
#1840=ORIENTED_EDGE('',*,*,#1371,.T.);
#1841=ORIENTED_EDGE('',*,*,#1372,.F.);
#1842=ORIENTED_EDGE('',*,*,#1373,.T.);
#1843=ORIENTED_EDGE('',*,*,#1374,.F.);
#1844=ORIENTED_EDGE('',*,*,#1375,.T.);
#1845=ORIENTED_EDGE('',*,*,#1376,.F.);
#1846=ORIENTED_EDGE('',*,*,#1377,.T.);
#1847=ORIENTED_EDGE('',*,*,#1378,.F.);
#1848=ORIENTED_EDGE('',*,*,#1379,.F.);
#1849=ORIENTED_EDGE('',*,*,#1380,.F.);
#1850=ORIENTED_EDGE('',*,*,#1381,.F.);
#1851=ORIENTED_EDGE('',*,*,#1382,.T.);
#1852=ORIENTED_EDGE('',*,*,#1383,.F.);
#1853=ORIENTED_EDGE('',*,*,#1384,.T.);
#1854=ORIENTED_EDGE('',*,*,#1385,.F.);
#1855=ORIENTED_EDGE('',*,*,#1386,.F.);
#1856=ORIENTED_EDGE('',*,*,#1387,.T.);
#1857=ORIENTED_EDGE('',*,*,#1388,.F.);
#1858=ORIENTED_EDGE('',*,*,#1389,.T.);
#1859=ORIENTED_EDGE('',*,*,#1390,.T.);
#1860=ORIENTED_EDGE('',*,*,#1391,.T.);
#1861=ORIENTED_EDGE('',*,*,#1392,.T.);
#1862=ORIENTED_EDGE('',*,*,#1393,.T.);
#1863=ORIENTED_EDGE('',*,*,#1394,.F.);
#1864=ORIENTED_EDGE('',*,*,#1395,.F.);
#1865=ORIENTED_EDGE('',*,*,#1396,.F.);
#1866=ORIENTED_EDGE('',*,*,#1137,.T.);
#1867=ORIENTED_EDGE('',*,*,#1262,.T.);
#1868=ORIENTED_EDGE('',*,*,#1387,.F.);
#1869=ORIENTED_EDGE('',*,*,#1396,.T.);
#1870=ORIENTED_EDGE('',*,*,#1386,.T.);
#1871=ORIENTED_EDGE('',*,*,#1397,.F.);
#1872=ORIENTED_EDGE('',*,*,#1138,.F.);
#1873=ORIENTED_EDGE('',*,*,#1397,.T.);
#1874=ORIENTED_EDGE('',*,*,#1385,.T.);
#1875=ORIENTED_EDGE('',*,*,#1398,.F.);
#1876=ORIENTED_EDGE('',*,*,#1139,.F.);
#1877=ORIENTED_EDGE('',*,*,#1399,.F.);
#1878=ORIENTED_EDGE('',*,*,#1140,.T.);
#1879=ORIENTED_EDGE('',*,*,#1398,.T.);
#1880=ORIENTED_EDGE('',*,*,#1384,.F.);
#1881=ORIENTED_EDGE('',*,*,#1399,.T.);
#1882=ORIENTED_EDGE('',*,*,#1383,.T.);
#1883=ORIENTED_EDGE('',*,*,#1400,.F.);
#1884=ORIENTED_EDGE('',*,*,#1401,.F.);
#1885=ORIENTED_EDGE('',*,*,#1141,.F.);
#1886=ORIENTED_EDGE('',*,*,#1401,.T.);
#1887=ORIENTED_EDGE('',*,*,#1225,.T.);
#1888=ORIENTED_EDGE('',*,*,#1402,.F.);
#1889=ORIENTED_EDGE('',*,*,#1142,.F.);
#1890=ORIENTED_EDGE('',*,*,#1290,.F.);
#1891=ORIENTED_EDGE('',*,*,#1143,.T.);
#1892=ORIENTED_EDGE('',*,*,#1402,.T.);
#1893=ORIENTED_EDGE('',*,*,#1224,.F.);
#1894=ORIENTED_EDGE('',*,*,#1227,.T.);
#1895=ORIENTED_EDGE('',*,*,#1130,.T.);
#1896=ORIENTED_EDGE('',*,*,#1403,.T.);
#1897=ORIENTED_EDGE('',*,*,#1214,.F.);
#1898=ORIENTED_EDGE('',*,*,#1404,.F.);
#1899=ORIENTED_EDGE('',*,*,#1405,.F.);
#1900=ORIENTED_EDGE('',*,*,#1228,.T.);
#1901=ORIENTED_EDGE('',*,*,#1405,.T.);
#1902=ORIENTED_EDGE('',*,*,#1406,.F.);
#1903=ORIENTED_EDGE('',*,*,#1231,.F.);
#1904=ORIENTED_EDGE('',*,*,#1316,.T.);
#1905=ORIENTED_EDGE('',*,*,#1354,.T.);
#1906=ORIENTED_EDGE('',*,*,#1352,.F.);
#1907=ORIENTED_EDGE('',*,*,#1350,.T.);
#1908=ORIENTED_EDGE('',*,*,#1348,.T.);
#1909=ORIENTED_EDGE('',*,*,#1347,.T.);
#1910=ORIENTED_EDGE('',*,*,#1344,.F.);
#1911=ORIENTED_EDGE('',*,*,#1342,.T.);
#1912=ORIENTED_EDGE('',*,*,#1340,.T.);
#1913=ORIENTED_EDGE('',*,*,#1339,.T.);
#1914=ORIENTED_EDGE('',*,*,#1336,.F.);
#1915=ORIENTED_EDGE('',*,*,#1334,.T.);
#1916=ORIENTED_EDGE('',*,*,#1154,.T.);
#1917=ORIENTED_EDGE('',*,*,#1407,.T.);
#1918=ORIENTED_EDGE('',*,*,#1408,.F.);
#1919=ORIENTED_EDGE('',*,*,#1409,.T.);
#1920=ORIENTED_EDGE('',*,*,#1150,.T.);
#1921=ORIENTED_EDGE('',*,*,#1410,.T.);
#1922=ORIENTED_EDGE('',*,*,#1411,.F.);
#1923=ORIENTED_EDGE('',*,*,#1412,.T.);
#1924=ORIENTED_EDGE('',*,*,#1146,.T.);
#1925=ORIENTED_EDGE('',*,*,#1234,.T.);
#1926=ORIENTED_EDGE('',*,*,#1413,.F.);
#1927=ORIENTED_EDGE('',*,*,#1377,.F.);
#1928=ORIENTED_EDGE('',*,*,#1414,.F.);
#1929=ORIENTED_EDGE('',*,*,#1254,.F.);
#1930=ORIENTED_EDGE('',*,*,#1147,.T.);
#1931=ORIENTED_EDGE('',*,*,#1412,.F.);
#1932=ORIENTED_EDGE('',*,*,#1415,.F.);
#1933=ORIENTED_EDGE('',*,*,#1416,.F.);
#1934=ORIENTED_EDGE('',*,*,#1417,.F.);
#1935=ORIENTED_EDGE('',*,*,#1148,.T.);
#1936=ORIENTED_EDGE('',*,*,#1416,.T.);
#1937=ORIENTED_EDGE('',*,*,#1418,.F.);
#1938=ORIENTED_EDGE('',*,*,#1149,.T.);
#1939=ORIENTED_EDGE('',*,*,#1417,.T.);
#1940=ORIENTED_EDGE('',*,*,#1419,.F.);
#1941=ORIENTED_EDGE('',*,*,#1410,.F.);
#1942=ORIENTED_EDGE('',*,*,#1151,.T.);
#1943=ORIENTED_EDGE('',*,*,#1409,.F.);
#1944=ORIENTED_EDGE('',*,*,#1420,.F.);
#1945=ORIENTED_EDGE('',*,*,#1421,.F.);
#1946=ORIENTED_EDGE('',*,*,#1422,.F.);
#1947=ORIENTED_EDGE('',*,*,#1152,.T.);
#1948=ORIENTED_EDGE('',*,*,#1421,.T.);
#1949=ORIENTED_EDGE('',*,*,#1423,.F.);
#1950=ORIENTED_EDGE('',*,*,#1153,.T.);
#1951=ORIENTED_EDGE('',*,*,#1422,.T.);
#1952=ORIENTED_EDGE('',*,*,#1424,.F.);
#1953=ORIENTED_EDGE('',*,*,#1407,.F.);
#1954=ORIENTED_EDGE('',*,*,#1425,.F.);
#1955=ORIENTED_EDGE('',*,*,#1162,.T.);
#1956=ORIENTED_EDGE('',*,*,#1426,.T.);
#1957=ORIENTED_EDGE('',*,*,#1393,.F.);
#1958=ORIENTED_EDGE('',*,*,#1270,.T.);
#1959=ORIENTED_EDGE('',*,*,#1427,.F.);
#1960=ORIENTED_EDGE('',*,*,#1163,.T.);
#1961=ORIENTED_EDGE('',*,*,#1425,.T.);
#1962=ORIENTED_EDGE('',*,*,#1392,.F.);
#1963=ORIENTED_EDGE('',*,*,#1428,.F.);
#1964=ORIENTED_EDGE('',*,*,#1161,.T.);
#1965=ORIENTED_EDGE('',*,*,#1171,.T.);
#1966=ORIENTED_EDGE('',*,*,#1272,.T.);
#1967=ORIENTED_EDGE('',*,*,#1429,.T.);
#1968=ORIENTED_EDGE('',*,*,#1390,.F.);
#1969=ORIENTED_EDGE('',*,*,#1426,.F.);
#1970=ORIENTED_EDGE('',*,*,#1132,.F.);
#1971=ORIENTED_EDGE('',*,*,#1164,.T.);
#1972=ORIENTED_EDGE('',*,*,#1427,.T.);
#1973=ORIENTED_EDGE('',*,*,#1269,.F.);
#1974=ORIENTED_EDGE('',*,*,#1430,.F.);
#1975=ORIENTED_EDGE('',*,*,#1303,.T.);
#1976=ORIENTED_EDGE('',*,*,#1257,.T.);
#1977=ORIENTED_EDGE('',*,*,#1431,.F.);
#1978=ORIENTED_EDGE('',*,*,#1371,.F.);
#1979=ORIENTED_EDGE('',*,*,#1430,.T.);
#1980=ORIENTED_EDGE('',*,*,#1370,.T.);
#1981=ORIENTED_EDGE('',*,*,#1432,.F.);
#1982=ORIENTED_EDGE('',*,*,#1304,.F.);
#1983=ORIENTED_EDGE('',*,*,#1432,.T.);
#1984=ORIENTED_EDGE('',*,*,#1369,.T.);
#1985=ORIENTED_EDGE('',*,*,#1433,.F.);
#1986=ORIENTED_EDGE('',*,*,#1305,.F.);
#1987=ORIENTED_EDGE('',*,*,#1434,.F.);
#1988=ORIENTED_EDGE('',*,*,#1306,.T.);
#1989=ORIENTED_EDGE('',*,*,#1433,.T.);
#1990=ORIENTED_EDGE('',*,*,#1368,.F.);
#1991=ORIENTED_EDGE('',*,*,#1434,.T.);
#1992=ORIENTED_EDGE('',*,*,#1367,.T.);
#1993=ORIENTED_EDGE('',*,*,#1435,.F.);
#1994=ORIENTED_EDGE('',*,*,#1307,.F.);
#1995=ORIENTED_EDGE('',*,*,#1436,.F.);
#1996=ORIENTED_EDGE('',*,*,#1308,.T.);
#1997=ORIENTED_EDGE('',*,*,#1435,.T.);
#1998=ORIENTED_EDGE('',*,*,#1366,.F.);
#1999=ORIENTED_EDGE('',*,*,#1436,.T.);
#2000=ORIENTED_EDGE('',*,*,#1365,.T.);
#2001=ORIENTED_EDGE('',*,*,#1437,.F.);
#2002=ORIENTED_EDGE('',*,*,#1309,.F.);
#2003=ORIENTED_EDGE('',*,*,#1437,.T.);
#2004=ORIENTED_EDGE('',*,*,#1364,.T.);
#2005=ORIENTED_EDGE('',*,*,#1438,.F.);
#2006=ORIENTED_EDGE('',*,*,#1310,.F.);
#2007=ORIENTED_EDGE('',*,*,#1288,.F.);
#2008=ORIENTED_EDGE('',*,*,#1311,.T.);
#2009=ORIENTED_EDGE('',*,*,#1438,.T.);
#2010=ORIENTED_EDGE('',*,*,#1363,.F.);
#2011=ORIENTED_EDGE('',*,*,#1439,.F.);
#2012=ORIENTED_EDGE('',*,*,#1358,.T.);
#2013=ORIENTED_EDGE('',*,*,#1356,.T.);
#2014=ORIENTED_EDGE('',*,*,#1281,.F.);
#2015=ORIENTED_EDGE('',*,*,#1440,.F.);
#2016=ORIENTED_EDGE('',*,*,#1357,.T.);
#2017=ORIENTED_EDGE('',*,*,#1441,.T.);
#2018=ORIENTED_EDGE('',*,*,#1442,.F.);
#2019=ORIENTED_EDGE('',*,*,#1267,.F.);
#2020=ORIENTED_EDGE('',*,*,#1389,.F.);
#2021=ORIENTED_EDGE('',*,*,#1443,.T.);
#2022=ORIENTED_EDGE('',*,*,#1444,.T.);
#2023=ORIENTED_EDGE('',*,*,#1441,.F.);
#2024=ORIENTED_EDGE('',*,*,#1445,.T.);
#2025=ORIENTED_EDGE('',*,*,#1274,.T.);
#2026=ORIENTED_EDGE('',*,*,#1445,.F.);
#2027=ORIENTED_EDGE('',*,*,#1388,.T.);
#2028=ORIENTED_EDGE('',*,*,#1261,.T.);
#2029=ORIENTED_EDGE('',*,*,#1446,.F.);
#2030=ORIENTED_EDGE('',*,*,#1443,.F.);
#2031=ORIENTED_EDGE('',*,*,#1226,.T.);
#2032=ORIENTED_EDGE('',*,*,#1400,.T.);
#2033=ORIENTED_EDGE('',*,*,#1382,.F.);
#2034=ORIENTED_EDGE('',*,*,#1128,.F.);
#2035=ORIENTED_EDGE('',*,*,#1403,.F.);
#2036=ORIENTED_EDGE('',*,*,#1129,.F.);
#2037=ORIENTED_EDGE('',*,*,#1381,.T.);
#2038=ORIENTED_EDGE('',*,*,#1447,.T.);
#2039=ORIENTED_EDGE('',*,*,#1215,.F.);
#2040=ORIENTED_EDGE('',*,*,#1380,.T.);
#2041=ORIENTED_EDGE('',*,*,#1448,.T.);
#2042=ORIENTED_EDGE('',*,*,#1216,.F.);
#2043=ORIENTED_EDGE('',*,*,#1447,.F.);
#2044=ORIENTED_EDGE('',*,*,#1448,.F.);
#2045=ORIENTED_EDGE('',*,*,#1379,.T.);
#2046=ORIENTED_EDGE('',*,*,#1449,.T.);
#2047=ORIENTED_EDGE('',*,*,#1217,.F.);
#2048=ORIENTED_EDGE('',*,*,#1378,.T.);
#2049=ORIENTED_EDGE('',*,*,#1450,.T.);
#2050=ORIENTED_EDGE('',*,*,#1218,.F.);
#2051=ORIENTED_EDGE('',*,*,#1449,.F.);
#2052=ORIENTED_EDGE('',*,*,#1376,.T.);
#2053=ORIENTED_EDGE('',*,*,#1451,.T.);
#2054=ORIENTED_EDGE('',*,*,#1238,.F.);
#2055=ORIENTED_EDGE('',*,*,#1452,.F.);
#2056=ORIENTED_EDGE('',*,*,#1453,.T.);
#2057=ORIENTED_EDGE('',*,*,#1239,.T.);
#2058=ORIENTED_EDGE('',*,*,#1451,.F.);
#2059=ORIENTED_EDGE('',*,*,#1375,.F.);
#2060=ORIENTED_EDGE('',*,*,#1374,.T.);
#2061=ORIENTED_EDGE('',*,*,#1454,.T.);
#2062=ORIENTED_EDGE('',*,*,#1240,.F.);
#2063=ORIENTED_EDGE('',*,*,#1453,.F.);
#2064=ORIENTED_EDGE('',*,*,#1455,.T.);
#2065=ORIENTED_EDGE('',*,*,#1241,.T.);
#2066=ORIENTED_EDGE('',*,*,#1454,.F.);
#2067=ORIENTED_EDGE('',*,*,#1373,.F.);
#2068=ORIENTED_EDGE('',*,*,#1372,.T.);
#2069=ORIENTED_EDGE('',*,*,#1456,.T.);
#2070=ORIENTED_EDGE('',*,*,#1242,.F.);
#2071=ORIENTED_EDGE('',*,*,#1455,.F.);
#2072=ORIENTED_EDGE('',*,*,#1362,.T.);
#2073=ORIENTED_EDGE('',*,*,#1457,.T.);
#2074=ORIENTED_EDGE('',*,*,#1277,.F.);
#2075=ORIENTED_EDGE('',*,*,#1458,.F.);
#2076=ORIENTED_EDGE('',*,*,#1457,.F.);
#2077=ORIENTED_EDGE('',*,*,#1361,.T.);
#2078=ORIENTED_EDGE('',*,*,#1459,.T.);
#2079=ORIENTED_EDGE('',*,*,#1278,.F.);
#2080=ORIENTED_EDGE('',*,*,#1360,.T.);
#2081=ORIENTED_EDGE('',*,*,#1460,.T.);
#2082=ORIENTED_EDGE('',*,*,#1279,.F.);
#2083=ORIENTED_EDGE('',*,*,#1459,.F.);
#2084=ORIENTED_EDGE('',*,*,#1460,.F.);
#2085=ORIENTED_EDGE('',*,*,#1359,.T.);
#2086=ORIENTED_EDGE('',*,*,#1440,.T.);
#2087=ORIENTED_EDGE('',*,*,#1280,.F.);
#2088=ORIENTED_EDGE('',*,*,#1271,.F.);
#2089=ORIENTED_EDGE('',*,*,#1428,.T.);
#2090=ORIENTED_EDGE('',*,*,#1391,.F.);
#2091=ORIENTED_EDGE('',*,*,#1429,.F.);
#2092=ORIENTED_EDGE('',*,*,#1394,.T.);
#2093=ORIENTED_EDGE('',*,*,#1461,.T.);
#2094=ORIENTED_EDGE('',*,*,#1462,.F.);
#2095=ORIENTED_EDGE('',*,*,#1461,.F.);
#2096=ORIENTED_EDGE('',*,*,#1395,.T.);
#2097=ORIENTED_EDGE('',*,*,#1463,.T.);
#2098=ORIENTED_EDGE('',*,*,#1464,.F.);
#2099=ORIENTED_EDGE('',*,*,#1463,.F.);
#2100=ORIENTED_EDGE('',*,*,#1232,.F.);
#2101=ORIENTED_EDGE('',*,*,#1406,.T.);
#2102=ORIENTED_EDGE('',*,*,#1404,.T.);
#2103=ORIENTED_EDGE('',*,*,#1213,.F.);
#2104=ORIENTED_EDGE('',*,*,#1420,.T.);
#2105=ORIENTED_EDGE('',*,*,#1408,.T.);
#2106=ORIENTED_EDGE('',*,*,#1424,.T.);
#2107=ORIENTED_EDGE('',*,*,#1423,.T.);
#2108=ORIENTED_EDGE('',*,*,#1415,.T.);
#2109=ORIENTED_EDGE('',*,*,#1411,.T.);
#2110=ORIENTED_EDGE('',*,*,#1419,.T.);
#2111=ORIENTED_EDGE('',*,*,#1418,.T.);
#2112=ORIENTED_EDGE('',*,*,#1450,.F.);
#2113=ORIENTED_EDGE('',*,*,#1413,.T.);
#2114=ORIENTED_EDGE('',*,*,#1233,.T.);
#2115=ORIENTED_EDGE('',*,*,#1219,.F.);
#2116=ORIENTED_EDGE('',*,*,#1452,.T.);
#2117=ORIENTED_EDGE('',*,*,#1237,.T.);
#2118=ORIENTED_EDGE('',*,*,#1255,.F.);
#2119=ORIENTED_EDGE('',*,*,#1414,.T.);
#2120=ORIENTED_EDGE('',*,*,#1256,.T.);
#2121=ORIENTED_EDGE('',*,*,#1243,.T.);
#2122=ORIENTED_EDGE('',*,*,#1456,.F.);
#2123=ORIENTED_EDGE('',*,*,#1431,.T.);
#2124=ORIENTED_EDGE('',*,*,#1289,.F.);
#2125=ORIENTED_EDGE('',*,*,#1439,.T.);
#2126=ORIENTED_EDGE('',*,*,#1458,.T.);
#2127=ORIENTED_EDGE('',*,*,#1276,.F.);
#2128=ORIENTED_EDGE('',*,*,#1284,.F.);
#2129=ORIENTED_EDGE('',*,*,#1465,.T.);
#2130=ORIENTED_EDGE('',*,*,#1319,.T.);
#2131=ORIENTED_EDGE('',*,*,#1465,.F.);
#2132=ORIENTED_EDGE('',*,*,#1192,.T.);
#2133=ORIENTED_EDGE('',*,*,#1268,.T.);
#2134=ORIENTED_EDGE('',*,*,#1442,.T.);
#2135=ORIENTED_EDGE('',*,*,#1444,.F.);
#2136=ORIENTED_EDGE('',*,*,#1446,.T.);
#2137=ORIENTED_EDGE('',*,*,#1260,.T.);
#2138=ORIENTED_EDGE('',*,*,#1196,.T.);
#2139=ORIENTED_EDGE('',*,*,#1200,.T.);
#2140=ORIENTED_EDGE('',*,*,#1462,.T.);
#2141=ORIENTED_EDGE('',*,*,#1464,.T.);
#2142=ORIENTED_EDGE('',*,*,#1221,.F.);
#2143=ORIENTED_EDGE('',*,*,#1466,.T.);
#2144=ORIENTED_EDGE('',*,*,#1230,.T.);
#2145=ORIENTED_EDGE('',*,*,#1466,.F.);
#2146=ORIENTED_EDGE('',*,*,#1245,.F.);
#2147=ORIENTED_EDGE('',*,*,#1467,.T.);
#2148=ORIENTED_EDGE('',*,*,#1251,.T.);
#2149=ORIENTED_EDGE('',*,*,#1467,.F.);
#2150=PLANE('',#2357);
#2151=PLANE('',#2361);
#2152=PLANE('',#2374);
#2153=PLANE('',#2377);
#2154=PLANE('',#2378);
#2155=PLANE('',#2382);
#2156=PLANE('',#2383);
#2157=PLANE('',#2387);
#2158=PLANE('',#2388);
#2159=PLANE('',#2389);
#2160=PLANE('',#2393);
#2161=PLANE('',#2397);
#2162=PLANE('',#2398);
#2163=PLANE('',#2405);
#2164=PLANE('',#2415);
#2165=PLANE('',#2422);
#2166=PLANE('',#2437);
#2167=PLANE('',#2441);
#2168=PLANE('',#2451);
#2169=PLANE('',#2452);
#2170=PLANE('',#2453);
#2171=PLANE('',#2454);
#2172=PLANE('',#2455);
#2173=PLANE('',#2456);
#2174=PLANE('',#2459);
#2175=PLANE('',#2466);
#2176=PLANE('',#2471);
#2177=PLANE('',#2472);
#2178=PLANE('',#2473);
#2179=PLANE('',#2474);
#2180=PLANE('',#2475);
#2181=PLANE('',#2476);
#2182=PLANE('',#2477);
#2183=PLANE('',#2478);
#2184=PLANE('',#2479);
#2185=PLANE('',#2480);
#2186=PLANE('',#2481);
#2187=PLANE('',#2482);
#2188=PLANE('',#2484);
#2189=PLANE('',#2485);
#2190=PLANE('',#2508);
#2191=PLANE('',#2510);
#2192=PLANE('',#2512);
#2193=PLANE('',#2516);
#2194=PLANE('',#2517);
#2195=PLANE('',#2518);
#2196=PLANE('',#2521);
#2197=PLANE('',#2522);
#2198=PLANE('',#2525);
#2199=PLANE('',#2526);
#2200=PLANE('',#2529);
#2201=PLANE('',#2530);
#2202=PLANE('',#2532);
#2203=PLANE('',#2534);
#2204=PLANE('',#2536);
#2205=PLANE('',#2538);
#2206=PLANE('',#2547);
#2207=PLANE('',#2549);
#2208=PLANE('',#2552);
#2209=PLANE('',#2554);
#2210=PLANE('',#2557);
#2211=PLANE('',#2559);
#2212=PLANE('',#2560);
#2213=PLANE('',#2565);
#2214=PLANE('',#2566);
#2215=PLANE('',#2567);
#2216=PLANE('',#2568);
#2217=PLANE('',#2569);
#2218=PLANE('',#2570);
#2219=PLANE('',#2571);
#2220=PLANE('',#2573);
#2221=PLANE('',#2574);
#2222=PLANE('',#2575);
#2223=ADVANCED_FACE('',(#177),#2150,.T.);
#2224=ADVANCED_FACE('',(#178),#131,.T.);
#2225=ADVANCED_FACE('',(#179),#2151,.F.);
#2226=ADVANCED_FACE('',(#180),#2152,.F.);
#2227=ADVANCED_FACE('',(#181),#132,.T.);
#2228=ADVANCED_FACE('',(#182),#2153,.T.);
#2229=ADVANCED_FACE('',(#183),#2154,.F.);
#2230=ADVANCED_FACE('',(#184),#133,.F.);
#2231=ADVANCED_FACE('',(#185),#2155,.F.);
#2232=ADVANCED_FACE('',(#186),#2156,.F.);
#2233=ADVANCED_FACE('',(#187),#134,.F.);
#2234=ADVANCED_FACE('',(#188),#2157,.F.);
#2235=ADVANCED_FACE('',(#189),#2158,.F.);
#2236=ADVANCED_FACE('',(#190),#2159,.F.);
#2237=ADVANCED_FACE('',(#191),#135,.F.);
#2238=ADVANCED_FACE('',(#192),#2160,.F.);
#2239=ADVANCED_FACE('',(#193),#136,.F.);
#2240=ADVANCED_FACE('',(#194),#2161,.F.);
#2241=ADVANCED_FACE('',(#195,#19),#2162,.T.);
#2242=ADVANCED_FACE('',(#196,#20),#2163,.T.);
#2243=ADVANCED_FACE('',(#197),#137,.T.);
#2244=ADVANCED_FACE('',(#198),#138,.T.);
#2245=ADVANCED_FACE('',(#199,#21),#2164,.F.);
#2246=ADVANCED_FACE('',(#200,#22),#2165,.T.);
#2247=ADVANCED_FACE('',(#201),#139,.T.);
#2248=ADVANCED_FACE('',(#202),#140,.T.);
#2249=ADVANCED_FACE('',(#203),#141,.T.);
#2250=ADVANCED_FACE('',(#204),#142,.T.);
#2251=ADVANCED_FACE('',(#205,#23),#2166,.T.);
#2252=ADVANCED_FACE('',(#206,#24),#2167,.T.);
#2253=ADVANCED_FACE('',(#207),#143,.T.);
#2254=ADVANCED_FACE('',(#208),#2168,.F.);
#2255=ADVANCED_FACE('',(#209),#2169,.F.);
#2256=ADVANCED_FACE('',(#210),#2170,.F.);
#2257=ADVANCED_FACE('',(#211),#2171,.F.);
#2258=ADVANCED_FACE('',(#212),#2172,.F.);
#2259=ADVANCED_FACE('',(#213),#2173,.F.);
#2260=ADVANCED_FACE('',(#214),#144,.F.);
#2261=ADVANCED_FACE('',(#215),#2174,.F.);
#2262=ADVANCED_FACE('',(#216,#25),#2175,.T.);
#2263=ADVANCED_FACE('',(#217),#145,.F.);
#2264=ADVANCED_FACE('',(#218),#2176,.F.);
#2265=ADVANCED_FACE('',(#219),#2177,.F.);
#2266=ADVANCED_FACE('',(#220),#2178,.T.);
#2267=ADVANCED_FACE('',(#221),#2179,.F.);
#2268=ADVANCED_FACE('',(#222),#2180,.F.);
#2269=ADVANCED_FACE('',(#223),#2181,.F.);
#2270=ADVANCED_FACE('',(#224),#2182,.T.);
#2271=ADVANCED_FACE('',(#225),#2183,.F.);
#2272=ADVANCED_FACE('',(#226),#2184,.F.);
#2273=ADVANCED_FACE('',(#227),#2185,.F.);
#2274=ADVANCED_FACE('',(#228),#2186,.T.);
#2275=ADVANCED_FACE('',(#229),#2187,.F.);
#2276=ADVANCED_FACE('',(#230),#146,.T.);
#2277=ADVANCED_FACE('',(#231),#2188,.F.);
#2278=ADVANCED_FACE('',(#232,#26,#27,#28),#2189,.T.);
#2279=ADVANCED_FACE('',(#233),#2190,.F.);
#2280=ADVANCED_FACE('',(#234),#147,.T.);
#2281=ADVANCED_FACE('',(#235),#2191,.T.);
#2282=ADVANCED_FACE('',(#236),#148,.F.);
#2283=ADVANCED_FACE('',(#237),#2192,.T.);
#2284=ADVANCED_FACE('',(#238),#149,.T.);
#2285=ADVANCED_FACE('',(#239),#150,.F.);
#2286=ADVANCED_FACE('',(#240),#151,.T.);
#2287=ADVANCED_FACE('',(#241),#2193,.F.);
#2288=ADVANCED_FACE('',(#242),#2194,.F.);
#2289=ADVANCED_FACE('',(#243),#2195,.F.);
#2290=ADVANCED_FACE('',(#244),#152,.F.);
#2291=ADVANCED_FACE('',(#245),#2196,.F.);
#2292=ADVANCED_FACE('',(#246),#2197,.F.);
#2293=ADVANCED_FACE('',(#247),#153,.F.);
#2294=ADVANCED_FACE('',(#248),#2198,.F.);
#2295=ADVANCED_FACE('',(#249),#2199,.F.);
#2296=ADVANCED_FACE('',(#250),#154,.F.);
#2297=ADVANCED_FACE('',(#251),#155,.F.);
#2298=ADVANCED_FACE('',(#252),#2200,.F.);
#2299=ADVANCED_FACE('',(#253),#2201,.F.);
#2300=ADVANCED_FACE('',(#254),#156,.T.);
#2301=ADVANCED_FACE('',(#255),#2202,.T.);
#2302=ADVANCED_FACE('',(#256),#157,.F.);
#2303=ADVANCED_FACE('',(#257),#2203,.T.);
#2304=ADVANCED_FACE('',(#258),#158,.F.);
#2305=ADVANCED_FACE('',(#259),#2204,.T.);
#2306=ADVANCED_FACE('',(#260),#159,.T.);
#2307=ADVANCED_FACE('',(#261),#2205,.F.);
#2308=ADVANCED_FACE('',(#262),#160,.T.);
#2309=ADVANCED_FACE('',(#263),#161,.T.);
#2310=ADVANCED_FACE('',(#264),#162,.F.);
#2311=ADVANCED_FACE('',(#265),#163,.T.);
#2312=ADVANCED_FACE('',(#266),#164,.F.);
#2313=ADVANCED_FACE('',(#267),#2206,.F.);
#2314=ADVANCED_FACE('',(#268),#165,.T.);
#2315=ADVANCED_FACE('',(#269),#2207,.F.);
#2316=ADVANCED_FACE('',(#270),#166,.T.);
#2317=ADVANCED_FACE('',(#271),#167,.T.);
#2318=ADVANCED_FACE('',(#272),#2208,.T.);
#2319=ADVANCED_FACE('',(#273),#168,.T.);
#2320=ADVANCED_FACE('',(#274),#2209,.T.);
#2321=ADVANCED_FACE('',(#275),#169,.T.);
#2322=ADVANCED_FACE('',(#276),#170,.T.);
#2323=ADVANCED_FACE('',(#277),#2210,.F.);
#2324=ADVANCED_FACE('',(#278),#171,.T.);
#2325=ADVANCED_FACE('',(#279),#2211,.F.);
#2326=ADVANCED_FACE('',(#280),#2212,.F.);
#2327=ADVANCED_FACE('',(#281),#172,.T.);
#2328=ADVANCED_FACE('',(#282),#173,.T.);
#2329=ADVANCED_FACE('',(#283),#2213,.F.);
#2330=ADVANCED_FACE('',(#284),#2214,.T.);
#2331=ADVANCED_FACE('',(#285),#2215,.T.);
#2332=ADVANCED_FACE('',(#286),#2216,.F.);
#2333=ADVANCED_FACE('',(#287),#2217,.T.);
#2334=ADVANCED_FACE('',(#288),#2218,.T.);
#2335=ADVANCED_FACE('',(#289),#2219,.F.);
#2336=ADVANCED_FACE('',(#290),#174,.F.);
#2337=ADVANCED_FACE('',(#291),#2220,.T.);
#2338=ADVANCED_FACE('',(#292),#2221,.T.);
#2339=ADVANCED_FACE('',(#293),#2222,.T.);
#2340=ADVANCED_FACE('',(#294),#175,.F.);
#2341=ADVANCED_FACE('',(#295),#176,.F.);
#2342=CLOSED_SHELL('',(#2223,#2224,#2225,#2226,#2227,#2228,#2229,#2230,
#2231,#2232,#2233,#2234,#2235,#2236,#2237,#2238,#2239,#2240,#2241,#2242,
#2243,#2244,#2245,#2246,#2247,#2248,#2249,#2250,#2251,#2252,#2253,#2254,
#2255,#2256,#2257,#2258,#2259,#2260,#2261,#2262,#2263,#2264,#2265,#2266,
#2267,#2268,#2269,#2270,#2271,#2272,#2273,#2274,#2275,#2276,#2277,#2278,
#2279,#2280,#2281,#2282,#2283,#2284,#2285,#2286,#2287,#2288,#2289,#2290,
#2291,#2292,#2293,#2294,#2295,#2296,#2297,#2298,#2299,#2300,#2301,#2302,
#2303,#2304,#2305,#2306,#2307,#2308,#2309,#2310,#2311,#2312,#2313,#2314,
#2315,#2316,#2317,#2318,#2319,#2320,#2321,#2322,#2323,#2324,#2325,#2326,
#2327,#2328,#2329,#2330,#2331,#2332,#2333,#2334,#2335,#2336,#2337,#2338,
#2339,#2340,#2341));
#2343=DERIVED_UNIT_ELEMENT(#2345,1.);
#2344=DERIVED_UNIT_ELEMENT(#3960,-3.);
#2345=(
MASS_UNIT()
NAMED_UNIT(*)
SI_UNIT(.KILO.,.GRAM.)
);
#2346=DERIVED_UNIT((#2343,#2344));
#2347=MEASURE_REPRESENTATION_ITEM('density measure',
POSITIVE_RATIO_MEASURE(7850.),#2346);
#2348=PROPERTY_DEFINITION_REPRESENTATION(#2353,#2350);
#2349=PROPERTY_DEFINITION_REPRESENTATION(#2354,#2351);
#2350=REPRESENTATION('material name',(#2352),#3957);
#2351=REPRESENTATION('density',(#2347),#3957);
#2352=DESCRIPTIVE_REPRESENTATION_ITEM('Steel','Steel');
#2353=PROPERTY_DEFINITION('material property','material name',#3972);
#2354=PROPERTY_DEFINITION('material property','density of part',#3972);
#2355=AXIS2_PLACEMENT_3D('',#3266,#2579,#2580);
#2356=AXIS2_PLACEMENT_3D('',#3267,#2581,#2582);
#2357=AXIS2_PLACEMENT_3D('',#3268,#2583,#2584);
#2358=AXIS2_PLACEMENT_3D('',#3277,#2589,#2590);
#2359=AXIS2_PLACEMENT_3D('',#3280,#2591,#2592);
#2360=AXIS2_PLACEMENT_3D('',#3284,#2594,#2595);
#2361=AXIS2_PLACEMENT_3D('',#3286,#2597,#2598);
#2362=AXIS2_PLACEMENT_3D('',#3290,#2600,#2601);
#2363=AXIS2_PLACEMENT_3D('',#3294,#2603,#2604);
#2364=AXIS2_PLACEMENT_3D('',#3298,#2606,#2607);
#2365=AXIS2_PLACEMENT_3D('',#3302,#2609,#2610);
#2366=AXIS2_PLACEMENT_3D('',#3304,#2611,#2612);
#2367=AXIS2_PLACEMENT_3D('',#3308,#2614,#2615);
#2368=AXIS2_PLACEMENT_3D('',#3314,#2618,#2619);
#2369=AXIS2_PLACEMENT_3D('',#3322,#2623,#2624);
#2370=AXIS2_PLACEMENT_3D('',#3332,#2629,#2630);
#2371=AXIS2_PLACEMENT_3D('',#3336,#2632,#2633);
#2372=AXIS2_PLACEMENT_3D('',#3340,#2635,#2636);
#2373=AXIS2_PLACEMENT_3D('',#3344,#2638,#2639);
#2374=AXIS2_PLACEMENT_3D('',#3346,#2641,#2642);
#2375=AXIS2_PLACEMENT_3D('',#3350,#2645,#2646);
#2376=AXIS2_PLACEMENT_3D('',#3354,#2648,#2649);
#2377=AXIS2_PLACEMENT_3D('',#3356,#2651,#2652);
#2378=AXIS2_PLACEMENT_3D('',#3360,#2655,#2656);
#2379=AXIS2_PLACEMENT_3D('',#3369,#2661,#2662);
#2380=AXIS2_PLACEMENT_3D('',#3371,#2663,#2664);
#2381=AXIS2_PLACEMENT_3D('',#3374,#2666,#2667);
#2382=AXIS2_PLACEMENT_3D('',#3375,#2668,#2669);
#2383=AXIS2_PLACEMENT_3D('',#3381,#2673,#2674);
#2384=AXIS2_PLACEMENT_3D('',#3390,#2679,#2680);
#2385=AXIS2_PLACEMENT_3D('',#3392,#2681,#2682);
#2386=AXIS2_PLACEMENT_3D('',#3395,#2684,#2685);
#2387=AXIS2_PLACEMENT_3D('',#3396,#2686,#2687);
#2388=AXIS2_PLACEMENT_3D('',#3402,#2691,#2692);
#2389=AXIS2_PLACEMENT_3D('',#3411,#2697,#2698);
#2390=AXIS2_PLACEMENT_3D('',#3420,#2703,#2704);
#2391=AXIS2_PLACEMENT_3D('',#3421,#2705,#2706);
#2392=AXIS2_PLACEMENT_3D('',#3422,#2707,#2708);
#2393=AXIS2_PLACEMENT_3D('',#3423,#2709,#2710);
#2394=AXIS2_PLACEMENT_3D('',#3432,#2715,#2716);
#2395=AXIS2_PLACEMENT_3D('',#3434,#2717,#2718);
#2396=AXIS2_PLACEMENT_3D('',#3437,#2720,#2721);
#2397=AXIS2_PLACEMENT_3D('',#3438,#2722,#2723);
#2398=AXIS2_PLACEMENT_3D('',#3444,#2727,#2728);
#2399=AXIS2_PLACEMENT_3D('',#3446,#2729,#2730);
#2400=AXIS2_PLACEMENT_3D('',#3450,#2732,#2733);
#2401=AXIS2_PLACEMENT_3D('',#3454,#2735,#2736);
#2402=AXIS2_PLACEMENT_3D('',#3458,#2738,#2739);
#2403=AXIS2_PLACEMENT_3D('',#3461,#2741,#2742);
#2404=AXIS2_PLACEMENT_3D('',#3463,#2743,#2744);
#2405=AXIS2_PLACEMENT_3D('',#3464,#2745,#2746);
#2406=AXIS2_PLACEMENT_3D('',#3466,#2747,#2748);
#2407=AXIS2_PLACEMENT_3D('',#3470,#2750,#2751);
#2408=AXIS2_PLACEMENT_3D('',#3472,#2752,#2753);
#2409=AXIS2_PLACEMENT_3D('',#3473,#2754,#2755);
#2410=AXIS2_PLACEMENT_3D('',#3475,#2756,#2757);
#2411=AXIS2_PLACEMENT_3D('',#3478,#2759,#2760);
#2412=AXIS2_PLACEMENT_3D('',#3480,#2761,#2762);
#2413=AXIS2_PLACEMENT_3D('',#3481,#2763,#2764);
#2414=AXIS2_PLACEMENT_3D('',#3485,#2767,#2768);
#2415=AXIS2_PLACEMENT_3D('',#3490,#2772,#2773);
#2416=AXIS2_PLACEMENT_3D('',#3492,#2774,#2775);
#2417=AXIS2_PLACEMENT_3D('',#3496,#2777,#2778);
#2418=AXIS2_PLACEMENT_3D('',#3500,#2780,#2781);
#2419=AXIS2_PLACEMENT_3D('',#3504,#2783,#2784);
#2420=AXIS2_PLACEMENT_3D('',#3507,#2786,#2787);
#2421=AXIS2_PLACEMENT_3D('',#3509,#2788,#2789);
#2422=AXIS2_PLACEMENT_3D('',#3510,#2790,#2791);
#2423=AXIS2_PLACEMENT_3D('',#3512,#2792,#2793);
#2424=AXIS2_PLACEMENT_3D('',#3516,#2795,#2796);
#2425=AXIS2_PLACEMENT_3D('',#3519,#2798,#2799);
#2426=AXIS2_PLACEMENT_3D('',#3521,#2800,#2801);
#2427=AXIS2_PLACEMENT_3D('',#3522,#2802,#2803);
#2428=AXIS2_PLACEMENT_3D('',#3526,#2805,#2806);
#2429=AXIS2_PLACEMENT_3D('',#3530,#2809,#2810);
#2430=AXIS2_PLACEMENT_3D('',#3536,#2813,#2814);
#2431=AXIS2_PLACEMENT_3D('',#3538,#2816,#2817);
#2432=AXIS2_PLACEMENT_3D('',#3540,#2818,#2819);
#2433=AXIS2_PLACEMENT_3D('',#3544,#2822,#2823);
#2434=AXIS2_PLACEMENT_3D('',#3545,#2824,#2825);
#2435=AXIS2_PLACEMENT_3D('',#3547,#2826,#2827);
#2436=AXIS2_PLACEMENT_3D('',#3553,#2831,#2832);
#2437=AXIS2_PLACEMENT_3D('',#3554,#2833,#2834);
#2438=AXIS2_PLACEMENT_3D('',#3558,#2836,#2837);
#2439=AXIS2_PLACEMENT_3D('',#3561,#2839,#2840);
#2440=AXIS2_PLACEMENT_3D('',#3564,#2842,#2843);
#2441=AXIS2_PLACEMENT_3D('',#3565,#2844,#2845);
#2442=AXIS2_PLACEMENT_3D('',#3567,#2846,#2847);
#2443=AXIS2_PLACEMENT_3D('',#3571,#2849,#2850);
#2444=AXIS2_PLACEMENT_3D('',#3575,#2852,#2853);
#2445=AXIS2_PLACEMENT_3D('',#3579,#2855,#2856);
#2446=AXIS2_PLACEMENT_3D('',#3582,#2858,#2859);
#2447=AXIS2_PLACEMENT_3D('',#3584,#2860,#2861);
#2448=AXIS2_PLACEMENT_3D('',#3585,#2862,#2863);
#2449=AXIS2_PLACEMENT_3D('',#3587,#2864,#2865);
#2450=AXIS2_PLACEMENT_3D('',#3591,#2867,#2868);
#2451=AXIS2_PLACEMENT_3D('',#3595,#2871,#2872);
#2452=AXIS2_PLACEMENT_3D('',#3597,#2874,#2875);
#2453=AXIS2_PLACEMENT_3D('',#3601,#2878,#2879);
#2454=AXIS2_PLACEMENT_3D('',#3605,#2882,#2883);
#2455=AXIS2_PLACEMENT_3D('',#3606,#2884,#2885);
#2456=AXIS2_PLACEMENT_3D('',#3612,#2889,#2890);
#2457=AXIS2_PLACEMENT_3D('',#3621,#2895,#2896);
#2458=AXIS2_PLACEMENT_3D('',#3622,#2897,#2898);
#2459=AXIS2_PLACEMENT_3D('',#3623,#2899,#2900);
#2460=AXIS2_PLACEMENT_3D('',#3627,#2902,#2903);
#2461=AXIS2_PLACEMENT_3D('',#3631,#2905,#2906);
#2462=AXIS2_PLACEMENT_3D('',#3635,#2908,#2909);
#2463=AXIS2_PLACEMENT_3D('',#3639,#2911,#2912);
#2464=AXIS2_PLACEMENT_3D('',#3641,#2914,#2915);
#2465=AXIS2_PLACEMENT_3D('',#3643,#2916,#2917);
#2466=AXIS2_PLACEMENT_3D('',#3649,#2921,#2922);
#2467=AXIS2_PLACEMENT_3D('',#3650,#2923,#2924);
#2468=AXIS2_PLACEMENT_3D('',#3651,#2925,#2926);
#2469=AXIS2_PLACEMENT_3D('',#3653,#2927,#2928);
#2470=AXIS2_PLACEMENT_3D('',#3654,#2929,#2930);
#2471=AXIS2_PLACEMENT_3D('',#3655,#2931,#2932);
#2472=AXIS2_PLACEMENT_3D('',#3682,#2947,#2948);
#2473=AXIS2_PLACEMENT_3D('',#3686,#2951,#2952);
#2474=AXIS2_PLACEMENT_3D('',#3690,#2955,#2956);
#2475=AXIS2_PLACEMENT_3D('',#3694,#2959,#2960);
#2476=AXIS2_PLACEMENT_3D('',#3698,#2963,#2964);
#2477=AXIS2_PLACEMENT_3D('',#3702,#2967,#2968);
#2478=AXIS2_PLACEMENT_3D('',#3706,#2971,#2972);
#2479=AXIS2_PLACEMENT_3D('',#3710,#2975,#2976);
#2480=AXIS2_PLACEMENT_3D('',#3714,#2979,#2980);
#2481=AXIS2_PLACEMENT_3D('',#3718,#2983,#2984);
#2482=AXIS2_PLACEMENT_3D('',#3722,#2987,#2988);
#2483=AXIS2_PLACEMENT_3D('',#3724,#2990,#2991);
#2484=AXIS2_PLACEMENT_3D('',#3726,#2993,#2994);
#2485=AXIS2_PLACEMENT_3D('',#3728,#2996,#2997);
#2486=AXIS2_PLACEMENT_3D('',#3730,#2998,#2999);
#2487=AXIS2_PLACEMENT_3D('',#3732,#3000,#3001);
#2488=AXIS2_PLACEMENT_3D('',#3736,#3003,#3004);
#2489=AXIS2_PLACEMENT_3D('',#3740,#3006,#3007);
#2490=AXIS2_PLACEMENT_3D('',#3744,#3009,#3010);
#2491=AXIS2_PLACEMENT_3D('',#3748,#3012,#3013);
#2492=AXIS2_PLACEMENT_3D('',#3752,#3015,#3016);
#2493=AXIS2_PLACEMENT_3D('',#3756,#3018,#3019);
#2494=AXIS2_PLACEMENT_3D('',#3760,#3021,#3022);
#2495=AXIS2_PLACEMENT_3D('',#3764,#3024,#3025);
#2496=AXIS2_PLACEMENT_3D('',#3768,#3027,#3028);
#2497=AXIS2_PLACEMENT_3D('',#3772,#3030,#3031);
#2498=AXIS2_PLACEMENT_3D('',#3776,#3033,#3034);
#2499=AXIS2_PLACEMENT_3D('',#3779,#3036,#3037);
#2500=AXIS2_PLACEMENT_3D('',#3783,#3039,#3040);
#2501=AXIS2_PLACEMENT_3D('',#3787,#3042,#3043);
#2502=AXIS2_PLACEMENT_3D('',#3790,#3045,#3046);
#2503=AXIS2_PLACEMENT_3D('',#3791,#3047,#3048);
#2504=AXIS2_PLACEMENT_3D('',#3794,#3049,#3050);
#2505=AXIS2_PLACEMENT_3D('',#3798,#3052,#3053);
#2506=AXIS2_PLACEMENT_3D('',#3801,#3055,#3056);
#2507=AXIS2_PLACEMENT_3D('',#3803,#3057,#3058);
#2508=AXIS2_PLACEMENT_3D('',#3804,#3059,#3060);
#2509=AXIS2_PLACEMENT_3D('',#3806,#3062,#3063);
#2510=AXIS2_PLACEMENT_3D('',#3808,#3065,#3066);
#2511=AXIS2_PLACEMENT_3D('',#3810,#3068,#3069);
#2512=AXIS2_PLACEMENT_3D('',#3812,#3071,#3072);
#2513=AXIS2_PLACEMENT_3D('',#3815,#3075,#3076);
#2514=AXIS2_PLACEMENT_3D('',#3817,#3078,#3079);
#2515=AXIS2_PLACEMENT_3D('',#3818,#3080,#3081);
#2516=AXIS2_PLACEMENT_3D('',#3823,#3085,#3086);
#2517=AXIS2_PLACEMENT_3D('',#3825,#3088,#3089);
#2518=AXIS2_PLACEMENT_3D('',#3838,#3098,#3099);
#2519=AXIS2_PLACEMENT_3D('',#3842,#3102,#3103);
#2520=AXIS2_PLACEMENT_3D('',#3845,#3105,#3106);
#2521=AXIS2_PLACEMENT_3D('',#3846,#3107,#3108);
#2522=AXIS2_PLACEMENT_3D('',#3848,#3110,#3111);
#2523=AXIS2_PLACEMENT_3D('',#3852,#3114,#3115);
#2524=AXIS2_PLACEMENT_3D('',#3855,#3117,#3118);
#2525=AXIS2_PLACEMENT_3D('',#3856,#3119,#3120);
#2526=AXIS2_PLACEMENT_3D('',#3858,#3122,#3123);
#2527=AXIS2_PLACEMENT_3D('',#3861,#3126,#3127);
#2528=AXIS2_PLACEMENT_3D('',#3864,#3130,#3131);
#2529=AXIS2_PLACEMENT_3D('',#3866,#3133,#3134);
#2530=AXIS2_PLACEMENT_3D('',#3867,#3135,#3136);
#2531=AXIS2_PLACEMENT_3D('',#3870,#3139,#3140);
#2532=AXIS2_PLACEMENT_3D('',#3872,#3142,#3143);
#2533=AXIS2_PLACEMENT_3D('',#3874,#3145,#3146);
#2534=AXIS2_PLACEMENT_3D('',#3876,#3148,#3149);
#2535=AXIS2_PLACEMENT_3D('',#3878,#3151,#3152);
#2536=AXIS2_PLACEMENT_3D('',#3880,#3154,#3155);
#2537=AXIS2_PLACEMENT_3D('',#3882,#3157,#3158);
#2538=AXIS2_PLACEMENT_3D('',#3884,#3160,#3161);
#2539=AXIS2_PLACEMENT_3D('',#3886,#3163,#3164);
#2540=AXIS2_PLACEMENT_3D('',#3888,#3166,#3167);
#2541=AXIS2_PLACEMENT_3D('',#3891,#3169,#3170);
#2542=AXIS2_PLACEMENT_3D('',#3892,#3171,#3172);
#2543=AXIS2_PLACEMENT_3D('',#3895,#3174,#3175);
#2544=AXIS2_PLACEMENT_3D('',#3897,#3177,#3178);
#2545=AXIS2_PLACEMENT_3D('',#3898,#3179,#3180);
#2546=AXIS2_PLACEMENT_3D('',#3899,#3181,#3182);
#2547=AXIS2_PLACEMENT_3D('',#3900,#3183,#3184);
#2548=AXIS2_PLACEMENT_3D('',#3902,#3186,#3187);
#2549=AXIS2_PLACEMENT_3D('',#3904,#3189,#3190);
#2550=AXIS2_PLACEMENT_3D('',#3906,#3192,#3193);
#2551=AXIS2_PLACEMENT_3D('',#3908,#3195,#3196);
#2552=AXIS2_PLACEMENT_3D('',#3911,#3199,#3200);
#2553=AXIS2_PLACEMENT_3D('',#3913,#3202,#3203);
#2554=AXIS2_PLACEMENT_3D('',#3915,#3205,#3206);
#2555=AXIS2_PLACEMENT_3D('',#3917,#3208,#3209);
#2556=AXIS2_PLACEMENT_3D('',#3919,#3211,#3212);
#2557=AXIS2_PLACEMENT_3D('',#3922,#3215,#3216);
#2558=AXIS2_PLACEMENT_3D('',#3924,#3218,#3219);
#2559=AXIS2_PLACEMENT_3D('',#3926,#3221,#3222);
#2560=AXIS2_PLACEMENT_3D('',#3927,#3223,#3224);
#2561=AXIS2_PLACEMENT_3D('',#3928,#3225,#3226);
#2562=AXIS2_PLACEMENT_3D('',#3931,#3228,#3229);
#2563=AXIS2_PLACEMENT_3D('',#3932,#3230,#3231);
#2564=AXIS2_PLACEMENT_3D('',#3935,#3233,#3234);
#2565=AXIS2_PLACEMENT_3D('',#3936,#3235,#3236);
#2566=AXIS2_PLACEMENT_3D('',#3937,#3237,#3238);
#2567=AXIS2_PLACEMENT_3D('',#3938,#3239,#3240);
#2568=AXIS2_PLACEMENT_3D('',#3939,#3241,#3242);
#2569=AXIS2_PLACEMENT_3D('',#3940,#3243,#3244);
#2570=AXIS2_PLACEMENT_3D('',#3941,#3245,#3246);
#2571=AXIS2_PLACEMENT_3D('',#3942,#3247,#3248);
#2572=AXIS2_PLACEMENT_3D('',#3943,#3249,#3250);
#2573=AXIS2_PLACEMENT_3D('',#3945,#3252,#3253);
#2574=AXIS2_PLACEMENT_3D('',#3946,#3254,#3255);
#2575=AXIS2_PLACEMENT_3D('',#3947,#3256,#3257);
#2576=AXIS2_PLACEMENT_3D('',#3948,#3258,#3259);
#2577=AXIS2_PLACEMENT_3D('',#3950,#3261,#3262);
#2578=AXIS2_PLACEMENT_3D('',#3952,#3264,#3265);
#2579=DIRECTION('axis',(0.,0.,1.));
#2580=DIRECTION('refdir',(1.,0.,0.));
#2581=DIRECTION('axis',(0.,0.,1.));
#2582=DIRECTION('refdir',(1.,0.,0.));
#2583=DIRECTION('center_axis',(-1.,0.,0.));
#2584=DIRECTION('ref_axis',(0.,-1.,0.));
#2585=DIRECTION('',(0.,1.,0.));
#2586=DIRECTION('',(0.,0.,-1.));
#2587=DIRECTION('',(0.,-1.,0.));
#2588=DIRECTION('',(0.,0.,-1.));
#2589=DIRECTION('center_axis',(0.,0.,1.));
#2590=DIRECTION('ref_axis',(-0.522084325248999,0.852893872254513,0.));
#2591=DIRECTION('center_axis',(0.,0.,-1.));
#2592=DIRECTION('ref_axis',(-0.522084325248999,0.852893872254513,0.));
#2593=DIRECTION('',(0.,0.,-1.));
#2594=DIRECTION('center_axis',(0.,0.,-1.));
#2595=DIRECTION('ref_axis',(-0.522084325248999,0.852893872254513,0.));
#2596=DIRECTION('',(0.,0.,1.));
#2597=DIRECTION('center_axis',(0.,0.,-1.));
#2598=DIRECTION('ref_axis',(-1.,0.,0.));
#2599=DIRECTION('',(-0.707106781186311,-0.707106781186784,0.));
#2600=DIRECTION('center_axis',(0.,0.,1.));
#2601=DIRECTION('ref_axis',(1.,0.,0.));
#2602=DIRECTION('',(-1.,0.,0.));
#2603=DIRECTION('center_axis',(0.,0.,1.));
#2604=DIRECTION('ref_axis',(1.,0.,0.));
#2605=DIRECTION('',(0.,1.,0.));
#2606=DIRECTION('center_axis',(0.,0.,1.));
#2607=DIRECTION('ref_axis',(1.,0.,0.));
#2608=DIRECTION('',(1.,0.,0.));
#2609=DIRECTION('center_axis',(0.,0.,1.));
#2610=DIRECTION('ref_axis',(1.,0.,0.));
#2611=DIRECTION('center_axis',(0.,0.,1.));
#2612=DIRECTION('ref_axis',(1.,0.,0.));
#2613=DIRECTION('',(0.707106781186785,-0.70710678118631,0.));
#2614=DIRECTION('center_axis',(0.,0.,1.));
#2615=DIRECTION('ref_axis',(1.,0.,0.));
#2616=DIRECTION('',(0.,-1.,0.));
#2617=DIRECTION('',(1.,0.,0.));
#2618=DIRECTION('center_axis',(0.,0.,1.));
#2619=DIRECTION('ref_axis',(1.,0.,0.));
#2620=DIRECTION('',(-1.,0.,0.));
#2621=DIRECTION('',(0.,-1.,0.));
#2622=DIRECTION('',(1.,0.,0.));
#2623=DIRECTION('center_axis',(0.,0.,1.));
#2624=DIRECTION('ref_axis',(1.,0.,0.));
#2625=DIRECTION('',(-1.,0.,0.));
#2626=DIRECTION('',(0.,-1.,0.));
#2627=DIRECTION('',(1.,0.,0.));
#2628=DIRECTION('',(0.,1.,0.));
#2629=DIRECTION('center_axis',(0.,0.,1.));
#2630=DIRECTION('ref_axis',(1.,0.,0.));
#2631=DIRECTION('',(0.707106781186311,0.707106781186784,0.));
#2632=DIRECTION('center_axis',(0.,0.,-1.));
#2633=DIRECTION('ref_axis',(0.852169776549762,-0.523265393404846,0.));
#2634=DIRECTION('',(0.31072764560494,0.950498990139817,0.));
#2635=DIRECTION('center_axis',(0.,0.,1.));
#2636=DIRECTION('ref_axis',(1.,0.,0.));
#2637=DIRECTION('',(-0.706231476291944,0.707981003907944,0.));
#2638=DIRECTION('center_axis',(0.,0.,1.));
#2639=DIRECTION('ref_axis',(1.,0.,0.));
#2640=DIRECTION('',(0.951356283142334,0.308092879706108,0.));
#2641=DIRECTION('center_axis',(0.707106781186784,-0.707106781186311,0.));
#2642=DIRECTION('ref_axis',(-0.707106781186311,-0.707106781186784,0.));
#2643=DIRECTION('',(-0.707106781186311,-0.707106781186784,0.));
#2644=DIRECTION('',(0.,0.,-1.));
#2645=DIRECTION('center_axis',(0.,0.,-1.));
#2646=DIRECTION('ref_axis',(0.852169776549762,-0.523265393404846,0.));
#2647=DIRECTION('',(0.,0.,-1.));
#2648=DIRECTION('center_axis',(0.,0.,-1.));
#2649=DIRECTION('ref_axis',(0.852169776549762,-0.523265393404846,0.));
#2650=DIRECTION('',(0.,0.,1.));
#2651=DIRECTION('center_axis',(0.950498990139816,-0.31072764560494,0.));
#2652=DIRECTION('ref_axis',(0.31072764560494,0.950498990139816,0.));
#2653=DIRECTION('',(0.31072764560494,0.950498990139817,0.));
#2654=DIRECTION('',(0.,0.,-1.));
#2655=DIRECTION('center_axis',(0.707106781186311,0.707106781186784,0.));
#2656=DIRECTION('ref_axis',(0.707106781186784,-0.707106781186311,0.));
#2657=DIRECTION('',(0.707106781186784,-0.707106781186311,0.));
#2658=DIRECTION('',(0.,0.,-1.));
#2659=DIRECTION('',(-0.707106781186784,0.707106781186311,0.));
#2660=DIRECTION('',(0.,0.,-1.));
#2661=DIRECTION('center_axis',(0.,0.,-1.));
#2662=DIRECTION('ref_axis',(0.707106781186309,0.707106781186785,0.));
#2663=DIRECTION('center_axis',(0.,0.,1.));
#2664=DIRECTION('ref_axis',(0.,-1.,0.));
#2665=DIRECTION('',(0.,0.,-1.));
#2666=DIRECTION('center_axis',(0.,0.,1.));
#2667=DIRECTION('ref_axis',(0.707106781186309,0.707106781186785,0.));
#2668=DIRECTION('center_axis',(-0.707106781186311,-0.707106781186784,0.));
#2669=DIRECTION('ref_axis',(-0.707106781186784,0.707106781186311,0.));
#2670=DIRECTION('',(-0.707106781186784,0.707106781186311,0.));
#2671=DIRECTION('',(0.,0.,1.));
#2672=DIRECTION('',(0.707106781186784,-0.707106781186311,0.));
#2673=DIRECTION('center_axis',(-0.707106781186784,0.707106781186311,0.));
#2674=DIRECTION('ref_axis',(0.707106781186311,0.707106781186784,0.));
#2675=DIRECTION('',(0.707106781186311,0.707106781186784,0.));
#2676=DIRECTION('',(0.,0.,-1.));
#2677=DIRECTION('',(-0.707106781186311,-0.707106781186784,0.));
#2678=DIRECTION('',(0.,0.,-1.));
#2679=DIRECTION('center_axis',(0.,0.,-1.));
#2680=DIRECTION('ref_axis',(-0.707106781186784,0.707106781186311,0.));
#2681=DIRECTION('center_axis',(0.,0.,1.));
#2682=DIRECTION('ref_axis',(1.,0.,0.));
#2683=DIRECTION('',(0.,0.,-1.));
#2684=DIRECTION('center_axis',(0.,0.,1.));
#2685=DIRECTION('ref_axis',(-0.707106781186784,0.707106781186311,0.));
#2686=DIRECTION('center_axis',(0.707106781186784,-0.707106781186311,0.));
#2687=DIRECTION('ref_axis',(-0.707106781186311,-0.707106781186784,0.));
#2688=DIRECTION('',(-0.707106781186311,-0.707106781186784,0.));
#2689=DIRECTION('',(0.,0.,1.));
#2690=DIRECTION('',(0.707106781186311,0.707106781186784,0.));
#2691=DIRECTION('center_axis',(-0.707106781186784,0.707106781186311,0.));
#2692=DIRECTION('ref_axis',(0.707106781186311,0.707106781186784,0.));
#2693=DIRECTION('',(-0.707106781186311,-0.707106781186784,0.));
#2694=DIRECTION('',(0.,0.,-1.));
#2695=DIRECTION('',(0.707106781186311,0.707106781186784,0.));
#2696=DIRECTION('',(0.,0.,1.));
#2697=DIRECTION('center_axis',(0.707106781186784,-0.707106781186311,0.));
#2698=DIRECTION('ref_axis',(-0.707106781186311,-0.707106781186784,0.));
#2699=DIRECTION('',(0.707106781186311,0.707106781186784,0.));
#2700=DIRECTION('',(0.,0.,-1.));
#2701=DIRECTION('',(-0.707106781186311,-0.707106781186784,0.));
#2702=DIRECTION('',(0.,0.,-1.));
#2703=DIRECTION('center_axis',(0.,0.,-1.));
#2704=DIRECTION('ref_axis',(0.707106781186784,-0.707106781186311,0.));
#2705=DIRECTION('center_axis',(0.,0.,1.));
#2706=DIRECTION('ref_axis',(0.707106781186784,-0.707106781186311,0.));
#2707=DIRECTION('center_axis',(0.,0.,1.));
#2708=DIRECTION('ref_axis',(-1.,0.,0.));
#2709=DIRECTION('center_axis',(0.707106781186311,0.707106781186784,0.));
#2710=DIRECTION('ref_axis',(0.707106781186784,-0.707106781186311,0.));
#2711=DIRECTION('',(-0.707106781186784,0.707106781186311,0.));
#2712=DIRECTION('',(0.,0.,-1.));
#2713=DIRECTION('',(0.707106781186784,-0.707106781186311,0.));
#2714=DIRECTION('',(0.,0.,1.));
#2715=DIRECTION('center_axis',(0.,0.,-1.));
#2716=DIRECTION('ref_axis',(-0.707106781186312,-0.707106781186783,0.));
#2717=DIRECTION('center_axis',(0.,0.,1.));
#2718=DIRECTION('ref_axis',(-0.707106781186312,-0.707106781186783,0.));
#2719=DIRECTION('',(0.,0.,-1.));
#2720=DIRECTION('center_axis',(0.,0.,1.));
#2721=DIRECTION('ref_axis',(0.,1.,0.));
#2722=DIRECTION('center_axis',(-0.707106781186311,-0.707106781186784,0.));
#2723=DIRECTION('ref_axis',(-0.707106781186784,0.707106781186311,0.));
#2724=DIRECTION('',(0.707106781186784,-0.707106781186311,0.));
#2725=DIRECTION('',(0.,0.,-1.));
#2726=DIRECTION('',(-0.707106781186784,0.707106781186311,0.));
#2727=DIRECTION('center_axis',(0.,0.,-1.));
#2728=DIRECTION('ref_axis',(-1.,0.,0.));
#2729=DIRECTION('center_axis',(0.,0.,-1.));
#2730=DIRECTION('ref_axis',(1.,0.,0.));
#2731=DIRECTION('',(-1.,0.,0.));
#2732=DIRECTION('center_axis',(0.,0.,-1.));
#2733=DIRECTION('ref_axis',(1.,0.,0.));
#2734=DIRECTION('',(0.,1.,0.));
#2735=DIRECTION('center_axis',(0.,0.,-1.));
#2736=DIRECTION('ref_axis',(1.,0.,0.));
#2737=DIRECTION('',(1.,0.,0.));
#2738=DIRECTION('center_axis',(0.,0.,-1.));
#2739=DIRECTION('ref_axis',(1.,0.,0.));
#2740=DIRECTION('',(0.,-1.,0.));
#2741=DIRECTION('center_axis',(0.,0.,-1.));
#2742=DIRECTION('ref_axis',(1.,0.,0.));
#2743=DIRECTION('center_axis',(0.,0.,1.));
#2744=DIRECTION('ref_axis',(1.,0.,0.));
#2745=DIRECTION('center_axis',(0.,0.,1.));
#2746=DIRECTION('ref_axis',(1.,0.,0.));
#2747=DIRECTION('center_axis',(0.,0.,-1.));
#2748=DIRECTION('ref_axis',(1.,0.,0.));
#2749=DIRECTION('',(0.707106781186785,-0.70710678118631,0.));
#2750=DIRECTION('center_axis',(0.,0.,1.));
#2751=DIRECTION('ref_axis',(1.,0.,0.));
#2752=DIRECTION('center_axis',(0.,0.,1.));
#2753=DIRECTION('ref_axis',(1.,0.,0.));
#2754=DIRECTION('center_axis',(0.,0.,1.));
#2755=DIRECTION('ref_axis',(1.,0.,0.));
#2756=DIRECTION('center_axis',(0.,0.,-1.));
#2757=DIRECTION('ref_axis',(1.,0.,0.));
#2758=DIRECTION('',(-1.,0.,0.));
#2759=DIRECTION('center_axis',(0.,0.,-1.));
#2760=DIRECTION('ref_axis',(1.,0.,0.));
#2761=DIRECTION('center_axis',(0.,0.,1.));
#2762=DIRECTION('ref_axis',(1.,0.,0.));
#2763=DIRECTION('center_axis',(0.,0.,1.));
#2764=DIRECTION('ref_axis',(1.,0.,0.));
#2765=DIRECTION('',(0.,0.,-1.));
#2766=DIRECTION('',(0.,0.,-1.));
#2767=DIRECTION('center_axis',(0.,0.,1.));
#2768=DIRECTION('ref_axis',(1.,0.,0.));
#2769=DIRECTION('',(0.,0.,-1.));
#2770=DIRECTION('',(0.,0.,-1.));
#2771=DIRECTION('',(0.,0.,-1.));
#2772=DIRECTION('center_axis',(0.,0.,1.));
#2773=DIRECTION('ref_axis',(0.,1.,0.));
#2774=DIRECTION('center_axis',(0.,0.,-1.));
#2775=DIRECTION('ref_axis',(1.,0.,0.));
#2776=DIRECTION('',(0.,1.,0.));
#2777=DIRECTION('center_axis',(0.,0.,-1.));
#2778=DIRECTION('ref_axis',(1.,0.,0.));
#2779=DIRECTION('',(1.,0.,0.));
#2780=DIRECTION('center_axis',(0.,0.,-1.));
#2781=DIRECTION('ref_axis',(1.,0.,0.));
#2782=DIRECTION('',(0.,-1.,0.));
#2783=DIRECTION('center_axis',(0.,0.,-1.));
#2784=DIRECTION('ref_axis',(1.,0.,0.));
#2785=DIRECTION('',(-1.,0.,0.));
#2786=DIRECTION('center_axis',(0.,0.,-1.));
#2787=DIRECTION('ref_axis',(1.,0.,0.));
#2788=DIRECTION('center_axis',(0.,0.,1.));
#2789=DIRECTION('ref_axis',(1.,0.,0.));
#2790=DIRECTION('center_axis',(0.,0.,1.));
#2791=DIRECTION('ref_axis',(1.,0.,0.));
#2792=DIRECTION('center_axis',(0.,0.,-1.));
#2793=DIRECTION('ref_axis',(1.,0.,0.));
#2794=DIRECTION('',(0.707106781186311,0.707106781186784,0.));
#2795=DIRECTION('center_axis',(0.,0.,1.));
#2796=DIRECTION('ref_axis',(1.,0.,0.));
#2797=DIRECTION('',(-0.707106781186311,-0.707106781186784,0.));
#2798=DIRECTION('center_axis',(0.,0.,-1.));
#2799=DIRECTION('ref_axis',(1.,0.,0.));
#2800=DIRECTION('center_axis',(0.,0.,1.));
#2801=DIRECTION('ref_axis',(1.,0.,0.));
#2802=DIRECTION('center_axis',(0.,0.,1.));
#2803=DIRECTION('ref_axis',(1.,0.,0.));
#2804=DIRECTION('',(0.,0.,1.));
#2805=DIRECTION('center_axis',(0.,0.,1.));
#2806=DIRECTION('ref_axis',(1.,0.,0.));
#2807=DIRECTION('',(0.,0.,-1.));
#2808=DIRECTION('',(0.,0.,-1.));
#2809=DIRECTION('center_axis',(0.,0.,1.));
#2810=DIRECTION('ref_axis',(1.,0.,0.));
#2811=DIRECTION('',(0.,0.,-1.));
#2812=DIRECTION('',(0.,0.,-1.));
#2813=DIRECTION('center_axis',(0.,0.,1.));
#2814=DIRECTION('ref_axis',(1.,0.,0.));
#2815=DIRECTION('',(0.,0.,-1.));
#2816=DIRECTION('center_axis',(0.,0.,1.));
#2817=DIRECTION('ref_axis',(1.,0.,0.));
#2818=DIRECTION('center_axis',(0.,0.,-1.));
#2819=DIRECTION('ref_axis',(1.,0.,0.));
#2820=DIRECTION('',(0.,0.,-1.));
#2821=DIRECTION('',(0.,0.,-1.));
#2822=DIRECTION('center_axis',(0.,0.,-1.));
#2823=DIRECTION('ref_axis',(1.,0.,0.));
#2824=DIRECTION('center_axis',(0.,0.,1.));
#2825=DIRECTION('ref_axis',(1.,0.,0.));
#2826=DIRECTION('center_axis',(0.,0.,-1.));
#2827=DIRECTION('ref_axis',(1.,0.,0.));
#2828=DIRECTION('',(0.,0.,1.));
#2829=DIRECTION('',(0.,0.,-1.));
#2830=DIRECTION('',(0.,0.,-1.));
#2831=DIRECTION('center_axis',(0.,0.,-1.));
#2832=DIRECTION('ref_axis',(1.,0.,0.));
#2833=DIRECTION('center_axis',(0.,0.,1.));
#2834=DIRECTION('ref_axis',(1.,0.,0.));
#2835=DIRECTION('',(0.951356283142334,0.308092879706108,0.));
#2836=DIRECTION('center_axis',(0.,0.,1.));
#2837=DIRECTION('ref_axis',(1.,0.,0.));
#2838=DIRECTION('',(-0.706231476291944,0.707981003907944,0.));
#2839=DIRECTION('center_axis',(0.,0.,1.));
#2840=DIRECTION('ref_axis',(1.,0.,0.));
#2841=DIRECTION('',(0.707106781186311,0.707106781186784,0.));
#2842=DIRECTION('center_axis',(0.,0.,1.));
#2843=DIRECTION('ref_axis',(1.,0.,0.));
#2844=DIRECTION('center_axis',(0.,0.,-1.));
#2845=DIRECTION('ref_axis',(0.,-1.,0.));
#2846=DIRECTION('center_axis',(0.,0.,-1.));
#2847=DIRECTION('ref_axis',(1.,0.,0.));
#2848=DIRECTION('',(1.,0.,0.));
#2849=DIRECTION('center_axis',(0.,0.,-1.));
#2850=DIRECTION('ref_axis',(1.,0.,0.));
#2851=DIRECTION('',(0.,-1.,0.));
#2852=DIRECTION('center_axis',(0.,0.,-1.));
#2853=DIRECTION('ref_axis',(1.,0.,0.));
#2854=DIRECTION('',(-1.,0.,0.));
#2855=DIRECTION('center_axis',(0.,0.,-1.));
#2856=DIRECTION('ref_axis',(1.,0.,0.));
#2857=DIRECTION('',(0.,1.,0.));
#2858=DIRECTION('center_axis',(0.,0.,-1.));
#2859=DIRECTION('ref_axis',(1.,0.,0.));
#2860=DIRECTION('center_axis',(0.,0.,1.));
#2861=DIRECTION('ref_axis',(1.,0.,0.));
#2862=DIRECTION('center_axis',(0.,0.,1.));
#2863=DIRECTION('ref_axis',(1.,0.,0.));
#2864=DIRECTION('center_axis',(0.,0.,-1.));
#2865=DIRECTION('ref_axis',(1.,0.,0.));
#2866=DIRECTION('',(0.,0.,1.));
#2867=DIRECTION('center_axis',(0.,0.,1.));
#2868=DIRECTION('ref_axis',(1.,0.,0.));
#2869=DIRECTION('',(0.,0.,-1.));
#2870=DIRECTION('',(0.,0.,-1.));
#2871=DIRECTION('center_axis',(0.70710678118631,0.707106781186785,0.));
#2872=DIRECTION('ref_axis',(0.707106781186785,-0.70710678118631,0.));
#2873=DIRECTION('',(0.,0.,-1.));
#2874=DIRECTION('center_axis',(0.707106781186784,-0.707106781186311,0.));
#2875=DIRECTION('ref_axis',(-0.707106781186311,-0.707106781186784,0.));
#2876=DIRECTION('',(0.,0.,-1.));
#2877=DIRECTION('',(-0.707106781186311,-0.707106781186784,0.));
#2878=DIRECTION('center_axis',(-0.707106781186784,0.707106781186311,0.));
#2879=DIRECTION('ref_axis',(0.707106781186311,0.707106781186784,0.));
#2880=DIRECTION('',(0.707106781186311,0.707106781186784,0.));
#2881=DIRECTION('',(0.,0.,-1.));
#2882=DIRECTION('center_axis',(-0.707106781186784,0.707106781186311,0.));
#2883=DIRECTION('ref_axis',(0.707106781186311,0.707106781186784,0.));
#2884=DIRECTION('center_axis',(0.707106781186311,0.707106781186784,0.));
#2885=DIRECTION('ref_axis',(0.707106781186784,-0.707106781186311,0.));
#2886=DIRECTION('',(0.707106781186784,-0.707106781186311,0.));
#2887=DIRECTION('',(0.,0.,-1.));
#2888=DIRECTION('',(0.707106781186784,-0.707106781186311,0.));
#2889=DIRECTION('center_axis',(-0.707106781186311,-0.707106781186784,0.));
#2890=DIRECTION('ref_axis',(-0.707106781186784,0.707106781186311,0.));
#2891=DIRECTION('',(0.,0.,-1.));
#2892=DIRECTION('',(-0.707106781186784,0.707106781186311,0.));
#2893=DIRECTION('',(0.,0.,-1.));
#2894=DIRECTION('',(-0.707106781186784,0.707106781186311,0.));
#2895=DIRECTION('center_axis',(0.,0.,1.));
#2896=DIRECTION('ref_axis',(-0.707106781186311,-0.707106781186784,0.));
#2897=DIRECTION('center_axis',(0.,0.,1.));
#2898=DIRECTION('ref_axis',(1.,0.,0.));
#2899=DIRECTION('center_axis',(0.,0.,-1.));
#2900=DIRECTION('ref_axis',(-1.,0.,0.));
#2901=DIRECTION('',(1.,0.,0.));
#2902=DIRECTION('center_axis',(0.,0.,1.));
#2903=DIRECTION('ref_axis',(1.,0.,0.));
#2904=DIRECTION('',(0.,-1.,0.));
#2905=DIRECTION('center_axis',(0.,0.,1.));
#2906=DIRECTION('ref_axis',(1.,0.,0.));
#2907=DIRECTION('',(-1.,0.,0.));
#2908=DIRECTION('center_axis',(0.,0.,1.));
#2909=DIRECTION('ref_axis',(1.,0.,0.));
#2910=DIRECTION('',(0.,1.,0.));
#2911=DIRECTION('center_axis',(0.,0.,1.));
#2912=DIRECTION('ref_axis',(1.,0.,0.));
#2913=DIRECTION('',(1.,0.,0.));
#2914=DIRECTION('center_axis',(0.,0.,1.));
#2915=DIRECTION('ref_axis',(1.,0.,0.));
#2916=DIRECTION('center_axis',(0.,0.,1.));
#2917=DIRECTION('ref_axis',(1.,0.,0.));
#2918=DIRECTION('',(0.,1.,0.));
#2919=DIRECTION('',(-1.,0.,0.));
#2920=DIRECTION('',(0.,-1.,0.));
#2921=DIRECTION('center_axis',(0.,0.,1.));
#2922=DIRECTION('ref_axis',(1.,0.,0.));
#2923=DIRECTION('center_axis',(0.,0.,-1.));
#2924=DIRECTION('ref_axis',(1.,0.,0.));
#2925=DIRECTION('center_axis',(0.,0.,1.));
#2926=DIRECTION('ref_axis',(1.,0.,0.));
#2927=DIRECTION('center_axis',(0.,0.,1.));
#2928=DIRECTION('ref_axis',(1.,0.,0.));
#2929=DIRECTION('center_axis',(0.,0.,1.));
#2930=DIRECTION('ref_axis',(1.,0.,0.));
#2931=DIRECTION('center_axis',(1.,0.,0.));
#2932=DIRECTION('ref_axis',(0.,1.,0.));
#2933=DIRECTION('',(0.,0.,-1.));
#2934=DIRECTION('',(0.,-1.,0.));
#2935=DIRECTION('',(0.,0.,1.));
#2936=DIRECTION('',(0.,1.,0.));
#2937=DIRECTION('',(0.,0.,-1.));
#2938=DIRECTION('',(0.,-1.,0.));
#2939=DIRECTION('',(0.,0.,1.));
#2940=DIRECTION('',(0.,1.,0.));
#2941=DIRECTION('',(0.,0.,-1.));
#2942=DIRECTION('',(0.,-1.,0.));
#2943=DIRECTION('',(0.,0.,1.));
#2944=DIRECTION('',(0.,0.,-1.));
#2945=DIRECTION('',(0.,1.,0.));
#2946=DIRECTION('',(0.,1.,0.));
#2947=DIRECTION('center_axis',(0.,-1.,0.));
#2948=DIRECTION('ref_axis',(1.,0.,0.));
#2949=DIRECTION('',(0.,0.,1.));
#2950=DIRECTION('',(1.,0.,0.));
#2951=DIRECTION('center_axis',(0.,0.,1.));
#2952=DIRECTION('ref_axis',(1.,0.,0.));
#2953=DIRECTION('',(0.,1.,0.));
#2954=DIRECTION('',(-1.,0.,0.));
#2955=DIRECTION('center_axis',(0.,1.,0.));
#2956=DIRECTION('ref_axis',(-1.,0.,0.));
#2957=DIRECTION('',(-1.,0.,0.));
#2958=DIRECTION('',(0.,0.,-1.));
#2959=DIRECTION('center_axis',(0.,0.,-1.));
#2960=DIRECTION('ref_axis',(-1.,0.,0.));
#2961=DIRECTION('',(0.,-1.,0.));
#2962=DIRECTION('',(1.,0.,0.));
#2963=DIRECTION('center_axis',(0.,-1.,0.));
#2964=DIRECTION('ref_axis',(1.,0.,0.));
#2965=DIRECTION('',(0.,0.,1.));
#2966=DIRECTION('',(1.,0.,0.));
#2967=DIRECTION('center_axis',(0.,0.,1.));
#2968=DIRECTION('ref_axis',(1.,0.,0.));
#2969=DIRECTION('',(0.,1.,0.));
#2970=DIRECTION('',(-1.,0.,0.));
#2971=DIRECTION('center_axis',(0.,1.,0.));
#2972=DIRECTION('ref_axis',(-1.,0.,0.));
#2973=DIRECTION('',(-1.,0.,0.));
#2974=DIRECTION('',(0.,0.,-1.));
#2975=DIRECTION('center_axis',(0.,0.,-1.));
#2976=DIRECTION('ref_axis',(-1.,0.,0.));
#2977=DIRECTION('',(0.,-1.,0.));
#2978=DIRECTION('',(1.,0.,0.));
#2979=DIRECTION('center_axis',(0.,-1.,0.));
#2980=DIRECTION('ref_axis',(1.,0.,0.));
#2981=DIRECTION('',(0.,0.,1.));
#2982=DIRECTION('',(1.,0.,0.));
#2983=DIRECTION('center_axis',(0.,0.,1.));
#2984=DIRECTION('ref_axis',(1.,0.,0.));
#2985=DIRECTION('',(0.,1.,0.));
#2986=DIRECTION('',(-1.,0.,0.));
#2987=DIRECTION('center_axis',(0.,1.,0.));
#2988=DIRECTION('ref_axis',(-1.,0.,0.));
#2989=DIRECTION('',(0.,0.,-1.));
#2990=DIRECTION('center_axis',(0.,0.,1.));
#2991=DIRECTION('ref_axis',(1.,0.,0.));
#2992=DIRECTION('',(0.,0.,-1.));
#2993=DIRECTION('center_axis',(1.,0.,0.));
#2994=DIRECTION('ref_axis',(0.,1.,0.));
#2995=DIRECTION('',(0.,0.,-1.));
#2996=DIRECTION('center_axis',(0.,0.,-1.));
#2997=DIRECTION('ref_axis',(-1.,0.,0.));
#2998=DIRECTION('center_axis',(0.,0.,-1.));
#2999=DIRECTION('ref_axis',(1.,0.,0.));
#3000=DIRECTION('center_axis',(0.,0.,-1.));
#3001=DIRECTION('ref_axis',(1.,0.,0.));
#3002=DIRECTION('',(-1.,0.,0.));
#3003=DIRECTION('center_axis',(0.,0.,-1.));
#3004=DIRECTION('ref_axis',(1.,0.,0.));
#3005=DIRECTION('',(0.,-1.,0.));
#3006=DIRECTION('center_axis',(0.,0.,-1.));
#3007=DIRECTION('ref_axis',(1.,0.,0.));
#3008=DIRECTION('',(1.,0.,0.));
#3009=DIRECTION('center_axis',(0.,0.,1.));
#3010=DIRECTION('ref_axis',(1.,0.,0.));
#3011=DIRECTION('',(0.,1.,0.));
#3012=DIRECTION('center_axis',(0.,0.,1.));
#3013=DIRECTION('ref_axis',(1.,0.,0.));
#3014=DIRECTION('',(-1.,0.,0.));
#3015=DIRECTION('center_axis',(0.,0.,1.));
#3016=DIRECTION('ref_axis',(1.,0.,0.));
#3017=DIRECTION('',(0.,-1.,0.));
#3018=DIRECTION('center_axis',(0.,0.,1.));
#3019=DIRECTION('ref_axis',(1.,0.,0.));
#3020=DIRECTION('',(1.,0.,0.));
#3021=DIRECTION('center_axis',(0.,0.,-1.));
#3022=DIRECTION('ref_axis',(1.,0.,0.));
#3023=DIRECTION('',(0.,-1.,0.));
#3024=DIRECTION('center_axis',(0.,0.,-1.));
#3025=DIRECTION('ref_axis',(1.,0.,0.));
#3026=DIRECTION('',(1.,0.,0.));
#3027=DIRECTION('center_axis',(0.,0.,-1.));
#3028=DIRECTION('ref_axis',(1.,0.,0.));
#3029=DIRECTION('',(0.,-1.,0.));
#3030=DIRECTION('center_axis',(0.,0.,-1.));
#3031=DIRECTION('ref_axis',(1.,0.,0.));
#3032=DIRECTION('',(1.,0.,0.));
#3033=DIRECTION('center_axis',(0.,0.,-1.));
#3034=DIRECTION('ref_axis',(1.,0.,0.));
#3035=DIRECTION('',(0.,1.,0.));
#3036=DIRECTION('center_axis',(0.,0.,1.));
#3037=DIRECTION('ref_axis',(1.,0.,0.));
#3038=DIRECTION('',(1.,0.,0.));
#3039=DIRECTION('center_axis',(0.,0.,1.));
#3040=DIRECTION('ref_axis',(1.,0.,0.));
#3041=DIRECTION('',(0.,1.,0.));
#3042=DIRECTION('center_axis',(0.,0.,1.));
#3043=DIRECTION('ref_axis',(1.,0.,0.));
#3044=DIRECTION('',(-1.,0.,0.));
#3045=DIRECTION('center_axis',(0.,0.,-1.));
#3046=DIRECTION('ref_axis',(1.,0.,0.));
#3047=DIRECTION('center_axis',(0.,0.,1.));
#3048=DIRECTION('ref_axis',(1.,0.,0.));
#3049=DIRECTION('center_axis',(0.,0.,1.));
#3050=DIRECTION('ref_axis',(1.,0.,0.));
#3051=DIRECTION('',(0.706231476291944,-0.707981003907944,0.));
#3052=DIRECTION('center_axis',(0.,0.,1.));
#3053=DIRECTION('ref_axis',(1.,0.,0.));
#3054=DIRECTION('',(-0.706231476291944,0.707981003907944,0.));
#3055=DIRECTION('center_axis',(0.,0.,-1.));
#3056=DIRECTION('ref_axis',(1.,0.,0.));
#3057=DIRECTION('center_axis',(0.,0.,-1.));
#3058=DIRECTION('ref_axis',(1.,0.,0.));
#3059=DIRECTION('center_axis',(0.,1.,0.));
#3060=DIRECTION('ref_axis',(-1.,0.,0.));
#3061=DIRECTION('',(0.,0.,-1.));
#3062=DIRECTION('center_axis',(0.,0.,1.));
#3063=DIRECTION('ref_axis',(1.,0.,0.));
#3064=DIRECTION('',(0.,0.,-1.));
#3065=DIRECTION('center_axis',(1.,0.,0.));
#3066=DIRECTION('ref_axis',(0.,1.,0.));
#3067=DIRECTION('',(0.,0.,-1.));
#3068=DIRECTION('center_axis',(0.,0.,1.));
#3069=DIRECTION('ref_axis',(1.,0.,0.));
#3070=DIRECTION('',(0.,0.,-1.));
#3071=DIRECTION('center_axis',(0.,-1.,0.));
#3072=DIRECTION('ref_axis',(1.,0.,0.));
#3073=DIRECTION('',(0.,0.,-1.));
#3074=DIRECTION('',(0.,0.,-1.));
#3075=DIRECTION('center_axis',(0.,0.,1.));
#3076=DIRECTION('ref_axis',(1.,0.,0.));
#3077=DIRECTION('',(0.,0.,-1.));
#3078=DIRECTION('center_axis',(0.,0.,1.));
#3079=DIRECTION('ref_axis',(1.,0.,0.));
#3080=DIRECTION('center_axis',(0.,0.,1.));
#3081=DIRECTION('ref_axis',(1.,0.,0.));
#3082=DIRECTION('',(0.,0.,-1.));
#3083=DIRECTION('',(0.,0.,-1.));
#3084=DIRECTION('',(0.,0.,-1.));
#3085=DIRECTION('center_axis',(0.,1.,0.));
#3086=DIRECTION('ref_axis',(-1.,0.,0.));
#3087=DIRECTION('',(-1.,0.,0.));
#3088=DIRECTION('center_axis',(-1.,0.,0.));
#3089=DIRECTION('ref_axis',(0.,-1.,0.));
#3090=DIRECTION('',(0.,0.,-1.));
#3091=DIRECTION('',(0.,1.,0.));
#3092=DIRECTION('',(0.,0.,1.));
#3093=DIRECTION('',(0.,0.,-1.));
#3094=DIRECTION('',(0.,1.,0.));
#3095=DIRECTION('',(0.,0.,1.));
#3096=DIRECTION('',(0.,-1.,0.));
#3097=DIRECTION('',(0.,-1.,0.));
#3098=DIRECTION('center_axis',(0.,-1.,0.));
#3099=DIRECTION('ref_axis',(1.,0.,0.));
#3100=DIRECTION('',(1.,0.,0.));
#3101=DIRECTION('',(0.,0.,-1.));
#3102=DIRECTION('center_axis',(0.,0.,1.));
#3103=DIRECTION('ref_axis',(-1.,1.22464679914735E-16,0.));
#3104=DIRECTION('',(0.,0.,-1.));
#3105=DIRECTION('center_axis',(0.,0.,1.));
#3106=DIRECTION('ref_axis',(1.,0.,0.));
#3107=DIRECTION('center_axis',(0.,1.,0.));
#3108=DIRECTION('ref_axis',(-1.,0.,0.));
#3109=DIRECTION('',(-1.,0.,0.));
#3110=DIRECTION('center_axis',(0.,-1.,0.));
#3111=DIRECTION('ref_axis',(1.,0.,0.));
#3112=DIRECTION('',(1.,0.,0.));
#3113=DIRECTION('',(0.,0.,-1.));
#3114=DIRECTION('center_axis',(0.,0.,1.));
#3115=DIRECTION('ref_axis',(-1.,1.22464679914735E-16,0.));
#3116=DIRECTION('',(0.,0.,-1.));
#3117=DIRECTION('center_axis',(0.,0.,1.));
#3118=DIRECTION('ref_axis',(1.,0.,0.));
#3119=DIRECTION('center_axis',(0.,1.,0.));
#3120=DIRECTION('ref_axis',(-1.,0.,0.));
#3121=DIRECTION('',(-1.,0.,0.));
#3122=DIRECTION('center_axis',(0.707981003907944,0.706231476291944,0.));
#3123=DIRECTION('ref_axis',(-0.706231476291945,0.707981003907944,0.));
#3124=DIRECTION('',(0.,0.,-1.));
#3125=DIRECTION('',(0.,0.,-1.));
#3126=DIRECTION('center_axis',(0.,0.,1.));
#3127=DIRECTION('ref_axis',(1.,0.,0.));
#3128=DIRECTION('',(0.,0.,-1.));
#3129=DIRECTION('',(0.,0.,-1.));
#3130=DIRECTION('center_axis',(0.,0.,1.));
#3131=DIRECTION('ref_axis',(-0.706231476291713,0.707981003908175,0.));
#3132=DIRECTION('',(0.,0.,-1.));
#3133=DIRECTION('center_axis',(0.308092879706108,-0.951356283142334,0.));
#3134=DIRECTION('ref_axis',(0.951356283142334,0.308092879706108,0.));
#3135=DIRECTION('center_axis',(0.,-1.,0.));
#3136=DIRECTION('ref_axis',(1.,0.,0.));
#3137=DIRECTION('',(0.,0.,-1.));
#3138=DIRECTION('',(1.,0.,0.));
#3139=DIRECTION('center_axis',(0.,0.,1.));
#3140=DIRECTION('ref_axis',(1.,0.,0.));
#3141=DIRECTION('',(0.,0.,-1.));
#3142=DIRECTION('center_axis',(-1.,0.,0.));
#3143=DIRECTION('ref_axis',(0.,-1.,0.));
#3144=DIRECTION('',(0.,0.,-1.));
#3145=DIRECTION('center_axis',(0.,0.,1.));
#3146=DIRECTION('ref_axis',(1.,0.,0.));
#3147=DIRECTION('',(0.,0.,-1.));
#3148=DIRECTION('center_axis',(0.,1.,0.));
#3149=DIRECTION('ref_axis',(-1.,0.,0.));
#3150=DIRECTION('',(0.,0.,-1.));
#3151=DIRECTION('center_axis',(0.,0.,1.));
#3152=DIRECTION('ref_axis',(1.,0.,0.));
#3153=DIRECTION('',(0.,0.,-1.));
#3154=DIRECTION('center_axis',(1.,0.,0.));
#3155=DIRECTION('ref_axis',(0.,1.,0.));
#3156=DIRECTION('',(0.,0.,-1.));
#3157=DIRECTION('center_axis',(0.,0.,1.));
#3158=DIRECTION('ref_axis',(1.,0.,0.));
#3159=DIRECTION('',(0.,0.,-1.));
#3160=DIRECTION('center_axis',(0.,-1.,0.));
#3161=DIRECTION('ref_axis',(1.,0.,0.));
#3162=DIRECTION('',(1.,0.,0.));
#3163=DIRECTION('center_axis',(0.,0.,1.));
#3164=DIRECTION('ref_axis',(1.,0.,0.));
#3165=DIRECTION('',(0.,0.,-1.));
#3166=DIRECTION('center_axis',(0.,0.,1.));
#3167=DIRECTION('ref_axis',(1.,0.,0.));
#3168=DIRECTION('',(0.,0.,-1.));
#3169=DIRECTION('center_axis',(0.,0.,-1.));
#3170=DIRECTION('ref_axis',(1.,0.,0.));
#3171=DIRECTION('center_axis',(0.,0.,1.));
#3172=DIRECTION('ref_axis',(1.,0.,0.));
#3173=DIRECTION('',(0.,0.,-1.));
#3174=DIRECTION('center_axis',(0.,0.,-1.));
#3175=DIRECTION('ref_axis',(1.,0.,0.));
#3176=DIRECTION('',(0.,0.,1.));
#3177=DIRECTION('center_axis',(0.,0.,1.));
#3178=DIRECTION('ref_axis',(1.,0.,0.));
#3179=DIRECTION('center_axis',(0.,0.,-1.));
#3180=DIRECTION('ref_axis',(1.,0.,0.));
#3181=DIRECTION('center_axis',(0.,0.,1.));
#3182=DIRECTION('ref_axis',(1.,0.,0.));
#3183=DIRECTION('center_axis',(1.,0.,0.));
#3184=DIRECTION('ref_axis',(0.,1.,0.));
#3185=DIRECTION('',(0.,0.,-1.));
#3186=DIRECTION('center_axis',(0.,0.,1.));
#3187=DIRECTION('ref_axis',(1.,0.,0.));
#3188=DIRECTION('',(0.,0.,-1.));
#3189=DIRECTION('center_axis',(0.,-1.,0.));
#3190=DIRECTION('ref_axis',(1.,0.,0.));
#3191=DIRECTION('',(0.,0.,-1.));
#3192=DIRECTION('center_axis',(0.,0.,1.));
#3193=DIRECTION('ref_axis',(1.,0.,0.));
#3194=DIRECTION('',(0.,0.,-1.));
#3195=DIRECTION('center_axis',(0.,0.,1.));
#3196=DIRECTION('ref_axis',(1.,0.,0.));
#3197=DIRECTION('',(0.,0.,-1.));
#3198=DIRECTION('',(0.,0.,-1.));
#3199=DIRECTION('center_axis',(0.,-1.,0.));
#3200=DIRECTION('ref_axis',(1.,0.,0.));
#3201=DIRECTION('',(0.,0.,-1.));
#3202=DIRECTION('center_axis',(0.,0.,1.));
#3203=DIRECTION('ref_axis',(1.,0.,0.));
#3204=DIRECTION('',(0.,0.,-1.));
#3205=DIRECTION('center_axis',(-1.,0.,0.));
#3206=DIRECTION('ref_axis',(0.,-1.,0.));
#3207=DIRECTION('',(0.,0.,-1.));
#3208=DIRECTION('center_axis',(0.,0.,1.));
#3209=DIRECTION('ref_axis',(1.,0.,0.));
#3210=DIRECTION('',(0.,0.,-1.));
#3211=DIRECTION('center_axis',(0.,0.,1.));
#3212=DIRECTION('ref_axis',(1.,0.,0.));
#3213=DIRECTION('',(0.,0.,-1.));
#3214=DIRECTION('',(0.,0.,-1.));
#3215=DIRECTION('center_axis',(-1.,0.,0.));
#3216=DIRECTION('ref_axis',(0.,-1.,0.));
#3217=DIRECTION('',(0.,0.,-1.));
#3218=DIRECTION('center_axis',(0.,0.,1.));
#3219=DIRECTION('ref_axis',(1.,0.,0.));
#3220=DIRECTION('',(0.,0.,-1.));
#3221=DIRECTION('center_axis',(0.,1.,0.));
#3222=DIRECTION('ref_axis',(-1.,0.,0.));
#3223=DIRECTION('center_axis',(-0.707981003907944,-0.706231476291944,0.));
#3224=DIRECTION('ref_axis',(0.706231476291945,-0.707981003907944,0.));
#3225=DIRECTION('center_axis',(0.,0.,1.));
#3226=DIRECTION('ref_axis',(1.,0.,0.));
#3227=DIRECTION('',(0.,0.,-1.));
#3228=DIRECTION('center_axis',(0.,0.,-1.));
#3229=DIRECTION('ref_axis',(1.,0.,0.));
#3230=DIRECTION('center_axis',(0.,0.,1.));
#3231=DIRECTION('ref_axis',(1.,0.,0.));
#3232=DIRECTION('',(0.,0.,-1.));
#3233=DIRECTION('center_axis',(0.,0.,-1.));
#3234=DIRECTION('ref_axis',(1.,0.,0.));
#3235=DIRECTION('center_axis',(0.,1.,0.));
#3236=DIRECTION('ref_axis',(-1.,0.,0.));
#3237=DIRECTION('center_axis',(0.,0.,1.));
#3238=DIRECTION('ref_axis',(1.,0.,0.));
#3239=DIRECTION('center_axis',(0.,0.,1.));
#3240=DIRECTION('ref_axis',(1.,0.,0.));
#3241=DIRECTION('center_axis',(-1.,0.,0.));
#3242=DIRECTION('ref_axis',(0.,-1.,0.));
#3243=DIRECTION('center_axis',(1.,0.,0.));
#3244=DIRECTION('ref_axis',(0.,1.,0.));
#3245=DIRECTION('center_axis',(0.,1.,0.));
#3246=DIRECTION('ref_axis',(-1.,0.,0.));
#3247=DIRECTION('center_axis',(0.,-1.,0.));
#3248=DIRECTION('ref_axis',(1.,0.,0.));
#3249=DIRECTION('center_axis',(0.,0.,1.));
#3250=DIRECTION('ref_axis',(1.,0.,0.));
#3251=DIRECTION('',(0.,0.,1.));
#3252=DIRECTION('center_axis',(0.,0.,-1.));
#3253=DIRECTION('ref_axis',(-1.,0.,0.));
#3254=DIRECTION('center_axis',(0.,0.,-1.));
#3255=DIRECTION('ref_axis',(-1.,0.,0.));
#3256=DIRECTION('center_axis',(0.,0.,-1.));
#3257=DIRECTION('ref_axis',(-1.,0.,0.));
#3258=DIRECTION('center_axis',(0.,0.,1.));
#3259=DIRECTION('ref_axis',(1.,0.,0.));
#3260=DIRECTION('',(0.,0.,1.));
#3261=DIRECTION('center_axis',(0.,0.,1.));
#3262=DIRECTION('ref_axis',(1.,0.,0.));
#3263=DIRECTION('',(0.,0.,1.));
#3264=DIRECTION('',(0.,0.,1.));
#3265=DIRECTION('',(1.,0.,0.));
#3266=CARTESIAN_POINT('',(0.,0.,0.));
#3267=CARTESIAN_POINT('',(0.,0.,0.));
#3268=CARTESIAN_POINT('Origin',(10.240012734622,-11.75,8.5862));
#3269=CARTESIAN_POINT('',(10.240012734622,-16.5,5.5862));
#3270=CARTESIAN_POINT('',(10.240012734622,-11.75,5.5862));
#3271=CARTESIAN_POINT('',(10.240012734622,-14.2125,5.5862));
#3272=CARTESIAN_POINT('',(10.240012734622,-11.75,4.0862));
#3273=CARTESIAN_POINT('',(10.240012734622,-11.75,8.5862));
#3274=CARTESIAN_POINT('',(10.240012734622,-16.5,4.0862));
#3275=CARTESIAN_POINT('',(10.240012734622,-11.75,4.0862));
#3276=CARTESIAN_POINT('',(10.240012734622,-16.5,8.5862));
#3277=CARTESIAN_POINT('Origin',(-9.85865448728861,-18.1318038271719,8.5862));
#3278=CARTESIAN_POINT('',(-11.979974830849,-16.010483483613,8.5862));
#3279=CARTESIAN_POINT('',(-10.7829331264069,-15.2777349777449,8.5862));
#3280=CARTESIAN_POINT('Origin',(-9.85865448728861,-18.1318038271719,8.5862));
#3281=CARTESIAN_POINT('',(-10.7829331264069,-15.2777349777449,5.5862));
#3282=CARTESIAN_POINT('',(-10.7829331264069,-15.2777349777449,8.5862));
#3283=CARTESIAN_POINT('',(-11.979974830849,-16.010483483613,5.5862));
#3284=CARTESIAN_POINT('Origin',(-9.85865448728861,-18.1318038271719,5.5862));
#3285=CARTESIAN_POINT('',(-11.979974830849,-16.010483483613,8.5862));
#3286=CARTESIAN_POINT('Origin',(0.262220562643,-0.008589898861492,8.5862));
#3287=CARTESIAN_POINT('',(-13.4472139475241,-17.4777226002891,8.5862));
#3288=CARTESIAN_POINT('',(-4.42133800767451,-8.45184666043343,8.5862));
#3289=CARTESIAN_POINT('',(-12.99999996563,-17.5,8.5862));
#3290=CARTESIAN_POINT('Origin',(-13.,-13.,8.5862));
#3291=CARTESIAN_POINT('',(-4.259987265378,-17.5,8.5862));
#3292=CARTESIAN_POINT('',(-4.259987265378,-17.5,8.5862));
#3293=CARTESIAN_POINT('',(-3.259987265378,-16.5,8.5862));
#3294=CARTESIAN_POINT('Origin',(-4.259987265378,-16.5,8.5862));
#3295=CARTESIAN_POINT('',(-3.259987265378,-11.75,8.5862));
#3296=CARTESIAN_POINT('',(-3.259987265378,-16.5,8.5862));
#3297=CARTESIAN_POINT('',(-2.259987265378,-10.75,8.5862));
#3298=CARTESIAN_POINT('Origin',(-2.259987265378,-11.75,8.5862));
#3299=CARTESIAN_POINT('',(9.240012734622,-10.75,8.5862));
#3300=CARTESIAN_POINT('',(-2.259987265378,-10.75,8.5862));
#3301=CARTESIAN_POINT('',(12.113008953925,-10.29154160375,8.5862));
#3302=CARTESIAN_POINT('Origin',(9.240012734622,-1.51874647016,8.5862));
#3303=CARTESIAN_POINT('',(15.015254326381,-10.9847456736177,8.5862));
#3304=CARTESIAN_POINT('Origin',(13.,-13.,8.5862));
#3305=CARTESIAN_POINT('',(17.4777226002891,-13.4472139475241,8.5862));
#3306=CARTESIAN_POINT('',(8.58295694175498,-4.55244828899596,8.5862));
#3307=CARTESIAN_POINT('',(17.5,-13.,8.5862));
#3308=CARTESIAN_POINT('Origin',(13.,-13.,8.5862));
#3309=CARTESIAN_POINT('',(17.5,-7.,8.5862));
#3310=CARTESIAN_POINT('',(17.5,13.,8.5862));
#3311=CARTESIAN_POINT('',(-5.79278925614,-7.,8.5862));
#3312=CARTESIAN_POINT('',(-5.79278925614,-7.,8.5862));
#3313=CARTESIAN_POINT('',(-5.79278925614,-5.,8.5862));
#3314=CARTESIAN_POINT('Origin',(-5.79278925614,-6.,8.5862));
#3315=CARTESIAN_POINT('',(17.5,-5.,8.5862));
#3316=CARTESIAN_POINT('',(18.467297860537,-5.,8.5862));
#3317=CARTESIAN_POINT('',(17.5,-3.75,8.5862));
#3318=CARTESIAN_POINT('',(17.5,13.,8.5862));
#3319=CARTESIAN_POINT('',(-9.034758016992,-3.75,8.5862));
#3320=CARTESIAN_POINT('',(-9.034758016992,-3.75,8.5862));
#3321=CARTESIAN_POINT('',(-9.034758016992,-1.75,8.5862));
#3322=CARTESIAN_POINT('Origin',(-9.034758016992,-2.75,8.5862));
#3323=CARTESIAN_POINT('',(17.5,-1.75,8.5862));
#3324=CARTESIAN_POINT('',(18.467297860537,-1.75,8.5862));
#3325=CARTESIAN_POINT('',(17.5,-0.5,8.5862));
#3326=CARTESIAN_POINT('',(17.5,13.,8.5862));
#3327=CARTESIAN_POINT('',(-17.5,-0.5,8.5862));
#3328=CARTESIAN_POINT('',(-19.64744126768,-0.5,8.5862));
#3329=CARTESIAN_POINT('',(-17.5,-13.,8.5862));
#3330=CARTESIAN_POINT('',(-17.5,-13.,8.5862));
#3331=CARTESIAN_POINT('',(-17.4777226002888,-13.4472139475271,8.5862));
#3332=CARTESIAN_POINT('Origin',(-13.,-13.,8.5862));
#3333=CARTESIAN_POINT('',(-16.0044231144532,-11.9739144616906,8.5862));
#3334=CARTESIAN_POINT('',(-9.70184666043879,-5.67133800767193,8.5862));
#3335=CARTESIAN_POINT('',(-15.2742464875941,-10.7847770549465,8.5862));
#3336=CARTESIAN_POINT('Origin',(-18.1257434580136,-9.85259411813164,8.5862));
#3337=CARTESIAN_POINT('',(-13.71217086853,-6.006472583363,8.5862));
#3338=CARTESIAN_POINT('',(-15.70892212189,-12.11442621002,8.5862));
#3339=CARTESIAN_POINT('',(-10.55308004316,-5.253112562497,8.5862));
#3340=CARTESIAN_POINT('Origin',(-11.90165,-6.59835,8.5862));
#3341=CARTESIAN_POINT('',(-5.245571942367,-10.57376880566,8.5862));
#3342=CARTESIAN_POINT('',(-5.245571942367,-10.57376880566,8.5862));
#3343=CARTESIAN_POINT('',(-6.007283213456,-13.73116009279,8.5862));
#3344=CARTESIAN_POINT('Origin',(-6.594141899202,-11.91900624317,8.5862));
#3345=CARTESIAN_POINT('',(-12.12193529283,-15.71136540695,8.5862));
#3346=CARTESIAN_POINT('Origin',(-10.9847456736177,-15.015254326381,8.5862));
#3347=CARTESIAN_POINT('',(-13.4472139475241,-17.4777226002891,5.5862));
#3348=CARTESIAN_POINT('',(-4.48474567361984,-8.51525432637881,5.5862));
#3349=CARTESIAN_POINT('',(-13.4472139475241,-17.4777226002891,8.5862));
#3350=CARTESIAN_POINT('Origin',(-18.1257434580136,-9.85259411813164,8.5862));
#3351=CARTESIAN_POINT('',(-16.0044231144532,-11.9739144616906,5.5862));
#3352=CARTESIAN_POINT('',(-16.0044231144532,-11.9739144616906,8.5862));
#3353=CARTESIAN_POINT('',(-15.2742464875941,-10.7847770549465,5.5862));
#3354=CARTESIAN_POINT('Origin',(-18.1257434580136,-9.85259411813164,5.5862));
#3355=CARTESIAN_POINT('',(-15.2742464875941,-10.7847770549465,8.5862));
#3356=CARTESIAN_POINT('Origin',(-15.70892212189,-12.11442621002,8.5862));
#3357=CARTESIAN_POINT('',(-13.71217086853,-6.006472583363,5.5862));
#3358=CARTESIAN_POINT('',(-15.70892212189,-12.11442621002,5.5862));
#3359=CARTESIAN_POINT('',(-13.71217086853,-6.006472583363,8.5862));
#3360=CARTESIAN_POINT('Origin',(16.631370849899,-14.3686291501004,8.5862));
#3361=CARTESIAN_POINT('',(16.631370849899,-14.3686291501004,5.5862));
#3362=CARTESIAN_POINT('',(17.1054253214917,-14.8426836216928,5.5862));
#3363=CARTESIAN_POINT('',(15.1843002621224,-12.9215585623247,5.5862));
#3364=CARTESIAN_POINT('',(16.631370849899,-14.3686291501004,1.5862));
#3365=CARTESIAN_POINT('',(16.631370849899,-14.3686291501004,8.5862));
#3366=CARTESIAN_POINT('',(17.1054253214917,-14.8426836216928,1.5862));
#3367=CARTESIAN_POINT('',(15.6732121753704,-13.4104704755724,1.5862));
#3368=CARTESIAN_POINT('',(17.1054253214917,-14.8426836216928,8.5862));
#3369=CARTESIAN_POINT('Origin',(15.5000000000009,-15.4999999999992,8.5862));
#3370=CARTESIAN_POINT('',(14.3686291501028,-16.6313708498981,5.5862));
#3371=CARTESIAN_POINT('Origin',(15.5000000000009,-15.4999999999992,5.5862));
#3372=CARTESIAN_POINT('',(14.3686291501028,-16.6313708498981,1.5862));
#3373=CARTESIAN_POINT('',(14.3686291501028,-16.6313708498981,8.5862));
#3374=CARTESIAN_POINT('Origin',(15.5000000000009,-15.4999999999992,1.5862));
#3375=CARTESIAN_POINT('Origin',(16.0363371581192,-18.2990788579133,8.5862));
#3376=CARTESIAN_POINT('',(14.8426836216955,-17.1054253214905,5.5862));
#3377=CARTESIAN_POINT('',(13.7554125663344,-16.0181542661301,5.5862));
#3378=CARTESIAN_POINT('',(14.8426836216955,-17.1054253214905,1.5862));
#3379=CARTESIAN_POINT('',(14.8426836216955,-17.1054253214905,8.5862));
#3380=CARTESIAN_POINT('',(14.2443244795824,-16.5070661793777,1.5862));
#3381=CARTESIAN_POINT('Origin',(14.3686291501004,16.631370849899,8.5862));
#3382=CARTESIAN_POINT('',(14.3686291501004,16.631370849899,5.5862));
#3383=CARTESIAN_POINT('',(14.8426836216928,17.1054253214917,5.5862));
#3384=CARTESIAN_POINT('',(13.1186291501008,15.3813708498986,5.5862));
#3385=CARTESIAN_POINT('',(14.3686291501004,16.631370849899,1.5862));
#3386=CARTESIAN_POINT('',(14.3686291501004,16.631370849899,8.5862));
#3387=CARTESIAN_POINT('',(14.8426836216928,17.1054253214917,1.5862));
#3388=CARTESIAN_POINT('',(13.4493082931497,15.7120499929477,1.5862));
#3389=CARTESIAN_POINT('',(14.8426836216928,17.1054253214917,8.5862));
#3390=CARTESIAN_POINT('Origin',(15.4999999999993,15.5000000000009,8.5862));
#3391=CARTESIAN_POINT('',(16.6313708498981,14.3686291501028,5.5862));
#3392=CARTESIAN_POINT('Origin',(15.4999999999993,15.5000000000009,5.5862));
#3393=CARTESIAN_POINT('',(16.6313708498981,14.3686291501028,1.5862));
#3394=CARTESIAN_POINT('',(16.6313708498981,14.3686291501028,8.5862));
#3395=CARTESIAN_POINT('Origin',(15.4999999999993,15.5000000000009,1.5862));
#3396=CARTESIAN_POINT('Origin',(18.2990788579133,16.0363371581192,8.5862));
#3397=CARTESIAN_POINT('',(17.1054253214905,14.8426836216955,5.5862));
#3398=CARTESIAN_POINT('',(16.2152248539061,13.9524831541105,5.5862));
#3399=CARTESIAN_POINT('',(17.1054253214905,14.8426836216955,1.5862));
#3400=CARTESIAN_POINT('',(17.1054253214905,14.8426836216955,8.5862));
#3401=CARTESIAN_POINT('',(16.545903996955,14.2831622971596,1.5862));
#3402=CARTESIAN_POINT('Origin',(-18.2990788579133,-16.0363371581192,8.5862));
#3403=CARTESIAN_POINT('',(-16.6313708498981,-14.3686291501028,1.5862));
#3404=CARTESIAN_POINT('',(-17.1054253214905,-14.8426836216955,1.5862));
#3405=CARTESIAN_POINT('',(-17.0862703519658,-14.8235286521708,1.5862));
#3406=CARTESIAN_POINT('',(-16.6313708498981,-14.3686291501028,5.5862));
#3407=CARTESIAN_POINT('',(-16.6313708498981,-14.3686291501028,8.5862));
#3408=CARTESIAN_POINT('',(-17.1054253214905,-14.8426836216955,5.5862));
#3409=CARTESIAN_POINT('',(-15.5640479577563,-13.3013062579603,5.5862));
#3410=CARTESIAN_POINT('',(-17.1054253214905,-14.8426836216955,8.5862));
#3411=CARTESIAN_POINT('Origin',(-14.3686291501004,-16.631370849899,8.5862));
#3412=CARTESIAN_POINT('',(-14.8426836216928,-17.1054253214917,1.5862));
#3413=CARTESIAN_POINT('',(-14.3686291501004,-16.631370849899,1.5862));
#3414=CARTESIAN_POINT('',(-13.9896746481605,-16.2524163479589,1.5862));
#3415=CARTESIAN_POINT('',(-14.8426836216928,-17.1054253214917,5.5862));
#3416=CARTESIAN_POINT('',(-14.8426836216928,-17.1054253214917,8.5862));
#3417=CARTESIAN_POINT('',(-14.3686291501004,-16.631370849899,5.5862));
#3418=CARTESIAN_POINT('',(-12.467452253951,-14.7301939537483,5.5862));
#3419=CARTESIAN_POINT('',(-14.3686291501004,-16.631370849899,8.5862));
#3420=CARTESIAN_POINT('Origin',(-15.4999999999992,-15.5000000000009,8.5862));
#3421=CARTESIAN_POINT('Origin',(-15.4999999999992,-15.5000000000009,1.5862));
#3422=CARTESIAN_POINT('Origin',(-15.4999999999992,-15.5000000000009,5.5862));
#3423=CARTESIAN_POINT('Origin',(-16.0363371581192,18.2990788579133,8.5862));
#3424=CARTESIAN_POINT('',(-14.3686291332441,16.6313708330394,1.5862));
#3425=CARTESIAN_POINT('',(-14.8426836216955,17.1054253214905,1.5862));
#3426=CARTESIAN_POINT('',(-14.2831622971576,16.545903996953,1.5862));
#3427=CARTESIAN_POINT('',(-14.3686291332441,16.6313708330394,5.5862));
#3428=CARTESIAN_POINT('',(-14.3686291332441,16.6313708330394,8.5862));
#3429=CARTESIAN_POINT('',(-14.8426836216955,17.1054253214905,5.5862));
#3430=CARTESIAN_POINT('',(-13.9524831541105,16.2152248539061,5.5862));
#3431=CARTESIAN_POINT('',(-14.8426836216955,17.1054253214905,8.5862));
#3432=CARTESIAN_POINT('Origin',(-15.5000000000009,15.4999999999993,8.5862));
#3433=CARTESIAN_POINT('',(-16.631370849899,14.3686291501004,1.5862));
#3434=CARTESIAN_POINT('Origin',(-15.5000000000009,15.4999999999993,1.5862));
#3435=CARTESIAN_POINT('',(-16.631370849899,14.3686291501004,5.5862));
#3436=CARTESIAN_POINT('',(-16.631370849899,14.3686291501004,8.5862));
#3437=CARTESIAN_POINT('Origin',(-15.5000000000009,15.4999999999993,5.5862));
#3438=CARTESIAN_POINT('Origin',(-16.631370849899,14.3686291501004,8.5862));
#3439=CARTESIAN_POINT('',(-17.1054253214917,14.8426836216928,1.5862));
#3440=CARTESIAN_POINT('',(-15.7120499929457,13.4493082931477,1.5862));
#3441=CARTESIAN_POINT('',(-17.1054253214917,14.8426836216928,5.5862));
#3442=CARTESIAN_POINT('',(-17.1054253214917,14.8426836216928,8.5862));
#3443=CARTESIAN_POINT('',(-15.3813708498986,13.1186291501008,5.5862));
#3444=CARTESIAN_POINT('Origin',(13.583682650947,-13.58368265094,1.5862));
#3445=CARTESIAN_POINT('',(13.,-17.5,1.5862));
#3446=CARTESIAN_POINT('Origin',(13.,-13.,1.5862));
#3447=CARTESIAN_POINT('',(11.240012734622,-17.5,1.5862));
#3448=CARTESIAN_POINT('',(13.,-17.5,1.5862));
#3449=CARTESIAN_POINT('',(10.240012734622,-16.5,1.5862));
#3450=CARTESIAN_POINT('Origin',(11.240012734622,-16.5,1.5862));
#3451=CARTESIAN_POINT('',(10.240012734622,-11.24001273462,1.5862));
#3452=CARTESIAN_POINT('',(10.240012734622,-16.5,1.5862));
#3453=CARTESIAN_POINT('',(11.240012734622,-10.24001273462,1.5862));
#3454=CARTESIAN_POINT('Origin',(11.240012734622,-11.24001273462,1.5862));
#3455=CARTESIAN_POINT('',(16.5,-10.24001273462,1.5862));
#3456=CARTESIAN_POINT('',(11.240012734622,-10.24001273462,1.5862));
#3457=CARTESIAN_POINT('',(17.5,-11.24001273462,1.5862));
#3458=CARTESIAN_POINT('Origin',(16.5,-11.24001273462,1.5862));
#3459=CARTESIAN_POINT('',(17.5,-13.,1.5862));
#3460=CARTESIAN_POINT('',(17.5,-11.24001273462,1.5862));
#3461=CARTESIAN_POINT('Origin',(13.,-13.,1.5862));
#3462=CARTESIAN_POINT('',(11.4,-13.,1.5862));
#3463=CARTESIAN_POINT('Origin',(13.,-13.,1.5862));
#3464=CARTESIAN_POINT('Origin',(12.065565029266,-13.14615261963,5.5862));
#3465=CARTESIAN_POINT('',(17.4777226002891,-13.4472139475241,5.5862));
#3466=CARTESIAN_POINT('Origin',(13.,-13.,5.5862));
#3467=CARTESIAN_POINT('',(15.015254326381,-10.9847456736177,5.5862));
#3468=CARTESIAN_POINT('',(8.51525432637881,-4.48474567361984,5.5862));
#3469=CARTESIAN_POINT('',(12.113008953925,-10.29154160375,5.5862));
#3470=CARTESIAN_POINT('Origin',(13.,-13.,5.5862));
#3471=CARTESIAN_POINT('',(9.240012734622,-10.75,5.5862));
#3472=CARTESIAN_POINT('Origin',(9.240012734622,-1.51874647016,5.5862));
#3473=CARTESIAN_POINT('Origin',(9.240012734622,-11.75,5.5862));
#3474=CARTESIAN_POINT('',(11.240012734622,-17.5,5.5862));
#3475=CARTESIAN_POINT('Origin',(11.240012734622,-16.5,5.5862));
#3476=CARTESIAN_POINT('',(13.,-17.5,5.5862));
#3477=CARTESIAN_POINT('',(12.4218066705373,-17.5,5.5862));
#3478=CARTESIAN_POINT('Origin',(13.,-13.,5.5862));
#3479=CARTESIAN_POINT('',(11.4,-13.,5.5862));
#3480=CARTESIAN_POINT('Origin',(13.,-13.,5.5862));
#3481=CARTESIAN_POINT('Origin',(13.,-13.,8.5862));
#3482=CARTESIAN_POINT('',(13.,-17.5,4.0862));
#3483=CARTESIAN_POINT('',(13.,-17.5,8.5862));
#3484=CARTESIAN_POINT('',(13.,-17.5,4.0862));
#3485=CARTESIAN_POINT('Origin',(13.,-13.,8.5862));
#3486=CARTESIAN_POINT('',(17.5,-13.,4.0862));
#3487=CARTESIAN_POINT('',(17.5,-13.,4.0862));
#3488=CARTESIAN_POINT('',(17.5,-13.,8.5862));
#3489=CARTESIAN_POINT('',(17.4777226002891,-13.4472139475241,8.5862));
#3490=CARTESIAN_POINT('Origin',(13.661358286098,13.661358286098,1.5862));
#3491=CARTESIAN_POINT('',(17.5,13.,1.5862));
#3492=CARTESIAN_POINT('Origin',(13.,13.,1.5862));
#3493=CARTESIAN_POINT('',(17.5,11.4,1.5862));
#3494=CARTESIAN_POINT('',(17.5,11.4,1.5862));
#3495=CARTESIAN_POINT('',(16.5,10.4,1.5862));
#3496=CARTESIAN_POINT('Origin',(16.5,11.4,1.5862));
#3497=CARTESIAN_POINT('',(11.4,10.4,1.5862));
#3498=CARTESIAN_POINT('',(11.4,10.4,1.5862));
#3499=CARTESIAN_POINT('',(10.4,11.4,1.5862));
#3500=CARTESIAN_POINT('Origin',(11.4,11.4,1.5862));
#3501=CARTESIAN_POINT('',(10.4,16.5,1.5862));
#3502=CARTESIAN_POINT('',(10.4,16.5,1.5862));
#3503=CARTESIAN_POINT('',(11.4,17.5,1.5862));
#3504=CARTESIAN_POINT('Origin',(11.4,16.5,1.5862));
#3505=CARTESIAN_POINT('',(13.,17.5,1.5862));
#3506=CARTESIAN_POINT('',(13.,17.5,1.5862));
#3507=CARTESIAN_POINT('Origin',(13.,13.,1.5862));
#3508=CARTESIAN_POINT('',(11.4,13.,1.5862));
#3509=CARTESIAN_POINT('Origin',(13.,13.,1.5862));
#3510=CARTESIAN_POINT('Origin',(13.,13.,5.5862));
#3511=CARTESIAN_POINT('',(13.4472139475241,17.4777226002891,5.5862));
#3512=CARTESIAN_POINT('Origin',(13.,13.,5.5862));
#3513=CARTESIAN_POINT('',(10.9847456736177,15.015254326381,5.5862));
#3514=CARTESIAN_POINT('',(4.48474567361985,8.51525432637881,5.5862));
#3515=CARTESIAN_POINT('',(15.0152543263823,10.984745673619,5.5862));
#3516=CARTESIAN_POINT('Origin',(13.,13.,5.5862));
#3517=CARTESIAN_POINT('',(17.4777226002888,13.4472139475271,5.5862));
#3518=CARTESIAN_POINT('',(9.76525432638413,5.7347456736173,5.5862));
#3519=CARTESIAN_POINT('Origin',(13.,13.,5.5862));
#3520=CARTESIAN_POINT('',(11.4,13.,5.5862));
#3521=CARTESIAN_POINT('Origin',(13.,13.,5.5862));
#3522=CARTESIAN_POINT('Origin',(13.,13.,8.5862));
#3523=CARTESIAN_POINT('',(17.4777226002888,13.4472139475271,8.5862));
#3524=CARTESIAN_POINT('',(17.4777226002888,13.4472139475271,8.5862));
#3525=CARTESIAN_POINT('',(17.5,13.,8.5862));
#3526=CARTESIAN_POINT('Origin',(13.,13.,8.5862));
#3527=CARTESIAN_POINT('',(17.5,13.,4.0862));
#3528=CARTESIAN_POINT('',(17.5,13.,8.5862));
#3529=CARTESIAN_POINT('',(17.5,13.,4.0862));
#3530=CARTESIAN_POINT('Origin',(13.,13.,8.5862));
#3531=CARTESIAN_POINT('',(13.,17.5,4.0862));
#3532=CARTESIAN_POINT('',(13.,17.5,4.0862));
#3533=CARTESIAN_POINT('',(13.,17.5,8.5862));
#3534=CARTESIAN_POINT('',(13.,17.5,8.5862));
#3535=CARTESIAN_POINT('',(13.4472139475241,17.4777226002891,8.5862));
#3536=CARTESIAN_POINT('Origin',(13.,13.,8.5862));
#3537=CARTESIAN_POINT('',(13.4472139475241,17.4777226002891,8.5862));
#3538=CARTESIAN_POINT('Origin',(-13.,-13.,8.5862));
#3539=CARTESIAN_POINT('',(-13.,-17.5,1.5862));
#3540=CARTESIAN_POINT('Origin',(-13.,-13.,1.5862));
#3541=CARTESIAN_POINT('',(-12.9999999828125,-17.5,4.0862));
#3542=CARTESIAN_POINT('',(-13.,-17.5,4.0862));
#3543=CARTESIAN_POINT('',(-12.99999996563,-17.5,8.5862));
#3544=CARTESIAN_POINT('Origin',(-13.,-13.,5.5862));
#3545=CARTESIAN_POINT('Origin',(-13.,-13.,8.5862));
#3546=CARTESIAN_POINT('',(-17.4777226002888,-13.4472139475271,5.5862));
#3547=CARTESIAN_POINT('Origin',(-13.,-13.,5.5862));
#3548=CARTESIAN_POINT('',(-17.4777226002888,-13.4472139475271,8.5862));
#3549=CARTESIAN_POINT('',(-17.5,-13.,4.0862));
#3550=CARTESIAN_POINT('',(-17.5,-13.,8.5862));
#3551=CARTESIAN_POINT('',(-17.5,-13.,1.5862));
#3552=CARTESIAN_POINT('',(-17.5,-13.,4.0862));
#3553=CARTESIAN_POINT('Origin',(-13.,-13.,1.5862));
#3554=CARTESIAN_POINT('Origin',(-11.69560745981,-11.69968495559,5.5862));
#3555=CARTESIAN_POINT('',(-6.007283213456,-13.73116009279,5.5862));
#3556=CARTESIAN_POINT('',(-12.12193529283,-15.71136540695,5.5862));
#3557=CARTESIAN_POINT('',(-7.942711856038,-13.26424368067,5.5862));
#3558=CARTESIAN_POINT('Origin',(-6.594141899202,-11.91900624317,5.5862));
#3559=CARTESIAN_POINT('',(-13.25021995683,-7.943587437503,5.5862));
#3560=CARTESIAN_POINT('',(-11.9235069343,-9.273587089352,5.5862));
#3561=CARTESIAN_POINT('Origin',(-11.90165,-6.59835,5.5862));
#3562=CARTESIAN_POINT('',(-9.76525432638413,-5.7347456736173,5.5862));
#3563=CARTESIAN_POINT('',(-14.6,-13.,5.5862));
#3564=CARTESIAN_POINT('Origin',(-13.,-13.,5.5862));
#3565=CARTESIAN_POINT('Origin',(-13.66135828609,13.661358286098,1.5862));
#3566=CARTESIAN_POINT('',(-13.,17.5,1.5862));
#3567=CARTESIAN_POINT('Origin',(-13.,13.,1.5862));
#3568=CARTESIAN_POINT('',(-11.4,17.5,1.5862));
#3569=CARTESIAN_POINT('',(-13.,17.5,1.5862));
#3570=CARTESIAN_POINT('',(-10.4,16.5,1.5862));
#3571=CARTESIAN_POINT('Origin',(-11.4,16.5,1.5862));
#3572=CARTESIAN_POINT('',(-10.4,11.4,1.5862));
#3573=CARTESIAN_POINT('',(-10.4,16.5,1.5862));
#3574=CARTESIAN_POINT('',(-11.4,10.4,1.5862));
#3575=CARTESIAN_POINT('Origin',(-11.4,11.4,1.5862));
#3576=CARTESIAN_POINT('',(-16.5,10.4,1.5862));
#3577=CARTESIAN_POINT('',(-11.4,10.4,1.5862));
#3578=CARTESIAN_POINT('',(-17.5,11.4,1.5862));
#3579=CARTESIAN_POINT('Origin',(-16.5,11.4,1.5862));
#3580=CARTESIAN_POINT('',(-17.5,13.,1.5862));
#3581=CARTESIAN_POINT('',(-17.5,11.4,1.5862));
#3582=CARTESIAN_POINT('Origin',(-13.,13.,1.5862));
#3583=CARTESIAN_POINT('',(-14.6,13.,1.5862));
#3584=CARTESIAN_POINT('Origin',(-13.,13.,1.5862));
#3585=CARTESIAN_POINT('Origin',(-13.,13.,8.5862));
#3586=CARTESIAN_POINT('',(-13.4472139475271,17.4777226002888,5.5862));
#3587=CARTESIAN_POINT('Origin',(-13.,13.,5.5862));
#3588=CARTESIAN_POINT('',(-13.4472139475271,17.4777226002888,8.5862));
#3589=CARTESIAN_POINT('',(-13.4472139475271,17.4777226002888,8.5862));
#3590=CARTESIAN_POINT('',(-13.,17.5,8.5862));
#3591=CARTESIAN_POINT('Origin',(-13.,13.,8.5862));
#3592=CARTESIAN_POINT('',(-13.,17.5,4.0862));
#3593=CARTESIAN_POINT('',(-13.,17.5,8.5862));
#3594=CARTESIAN_POINT('',(-13.,17.5,4.0862));
#3595=CARTESIAN_POINT('Origin',(15.015254326381,-10.9847456736177,8.5862));
#3596=CARTESIAN_POINT('',(15.015254326381,-10.9847456736177,8.5862));
#3597=CARTESIAN_POINT('Origin',(17.5152543263816,13.4847456736199,8.5862));
#3598=CARTESIAN_POINT('',(15.0152543263823,10.984745673619,8.5862));
#3599=CARTESIAN_POINT('',(15.0152543263823,10.984745673619,8.5862));
#3600=CARTESIAN_POINT('',(9.82866199232946,5.79815333956267,8.5862));
#3601=CARTESIAN_POINT('Origin',(10.9847456736177,15.015254326381,8.5862));
#3602=CARTESIAN_POINT('',(10.9847456736177,15.015254326381,8.5862));
#3603=CARTESIAN_POINT('',(4.54815333956518,8.57866199232418,8.5862));
#3604=CARTESIAN_POINT('',(10.9847456736177,15.015254326381,8.5862));
#3605=CARTESIAN_POINT('Origin',(-17.5152543263816,-13.4847456736199,8.5862));
#3606=CARTESIAN_POINT('Origin',(-13.4847456736199,17.5152543263816,8.5862));
#3607=CARTESIAN_POINT('',(-10.984745673619,15.0152543263823,5.5862));
#3608=CARTESIAN_POINT('',(-5.7347456736173,9.76525432638413,5.5862));
#3609=CARTESIAN_POINT('',(-10.984745673619,15.0152543263823,8.5862));
#3610=CARTESIAN_POINT('',(-10.984745673619,15.0152543263823,8.5862));
#3611=CARTESIAN_POINT('',(-5.66704305824113,9.69755171100801,8.5862));
#3612=CARTESIAN_POINT('Origin',(-15.015254326381,10.9847456736177,8.5862));
#3613=CARTESIAN_POINT('',(-17.4777226002891,13.4472139475241,8.5862));
#3614=CARTESIAN_POINT('',(-17.4777226002891,13.4472139475241,5.5862));
#3615=CARTESIAN_POINT('',(-17.4777226002891,13.4472139475241,8.5862));
#3616=CARTESIAN_POINT('',(-15.015254326381,10.9847456736177,8.5862));
#3617=CARTESIAN_POINT('',(-8.44755171100264,4.41704305824372,8.5862));
#3618=CARTESIAN_POINT('',(-15.015254326381,10.9847456736177,5.5862));
#3619=CARTESIAN_POINT('',(-15.015254326381,10.9847456736177,8.5862));
#3620=CARTESIAN_POINT('',(-8.51525432637881,4.48474567361984,5.5862));
#3621=CARTESIAN_POINT('Origin',(13.,13.,8.5862));
#3622=CARTESIAN_POINT('Origin',(13.,13.,8.5862));
#3623=CARTESIAN_POINT('Origin',(0.262220562643,-0.008589898861492,8.5862));
#3624=CARTESIAN_POINT('',(8.,17.5,8.5862));
#3625=CARTESIAN_POINT('',(8.,17.5,8.5862));
#3626=CARTESIAN_POINT('',(7.,16.5,8.5862));
#3627=CARTESIAN_POINT('Origin',(8.,16.5,8.5862));
#3628=CARTESIAN_POINT('',(7.,11.5,8.5862));
#3629=CARTESIAN_POINT('',(7.,16.5,8.5862));
#3630=CARTESIAN_POINT('',(6.,10.5,8.5862));
#3631=CARTESIAN_POINT('Origin',(6.,11.5,8.5862));
#3632=CARTESIAN_POINT('',(-6.,10.5,8.5862));
#3633=CARTESIAN_POINT('',(6.,10.5,8.5862));
#3634=CARTESIAN_POINT('',(-7.,11.5,8.5862));
#3635=CARTESIAN_POINT('Origin',(-6.,11.5,8.5862));
#3636=CARTESIAN_POINT('',(-7.,16.5,8.5862));
#3637=CARTESIAN_POINT('',(-7.,11.5,8.5862));
#3638=CARTESIAN_POINT('',(-8.,17.5,8.5862));
#3639=CARTESIAN_POINT('Origin',(-8.,16.5,8.5862));
#3640=CARTESIAN_POINT('',(-13.,17.5,8.5862));
#3641=CARTESIAN_POINT('Origin',(-13.,13.,8.5862));
#3642=CARTESIAN_POINT('',(-17.5,13.,8.5862));
#3643=CARTESIAN_POINT('Origin',(-13.,13.,8.5862));
#3644=CARTESIAN_POINT('',(-17.5,8.,8.5862));
#3645=CARTESIAN_POINT('',(-17.5,-13.,8.5862));
#3646=CARTESIAN_POINT('',(17.5,8.,8.5862));
#3647=CARTESIAN_POINT('',(18.467297860537,8.,8.5862));
#3648=CARTESIAN_POINT('',(17.5,13.,8.5862));
#3649=CARTESIAN_POINT('Origin',(-13.,13.,5.5862));
#3650=CARTESIAN_POINT('Origin',(-13.,13.,5.5862));
#3651=CARTESIAN_POINT('Origin',(-13.,13.,5.5862));
#3652=CARTESIAN_POINT('',(-14.6,13.,5.5862));
#3653=CARTESIAN_POINT('Origin',(-13.,13.,5.5862));
#3654=CARTESIAN_POINT('Origin',(-13.,13.,8.5862));
#3655=CARTESIAN_POINT('Origin',(-17.5,-13.,8.5862));
#3656=CARTESIAN_POINT('',(-17.5,-0.5,5.5862));
#3657=CARTESIAN_POINT('',(-17.5,-0.5,8.5862));
#3658=CARTESIAN_POINT('',(-17.5,1.5,5.5862));
#3659=CARTESIAN_POINT('',(-17.5,-6.25,5.5862));
#3660=CARTESIAN_POINT('',(-17.5,1.5,8.5862));
#3661=CARTESIAN_POINT('',(-17.5,1.5,8.5862));
#3662=CARTESIAN_POINT('',(-17.5,2.75,8.5862));
#3663=CARTESIAN_POINT('',(-17.5,-13.,8.5862));
#3664=CARTESIAN_POINT('',(-17.5,2.75,5.5862));
#3665=CARTESIAN_POINT('',(-17.5,2.75,8.5862));
#3666=CARTESIAN_POINT('',(-17.5,4.75,5.5862));
#3667=CARTESIAN_POINT('',(-17.5,-4.625,5.5862));
#3668=CARTESIAN_POINT('',(-17.5,4.75,8.5862));
#3669=CARTESIAN_POINT('',(-17.5,4.75,8.5862));
#3670=CARTESIAN_POINT('',(-17.5,6.,8.5862));
#3671=CARTESIAN_POINT('',(-17.5,-13.,8.5862));
#3672=CARTESIAN_POINT('',(-17.5,6.,5.5862));
#3673=CARTESIAN_POINT('',(-17.5,6.,8.5862));
#3674=CARTESIAN_POINT('',(-17.5,8.,5.5862));
#3675=CARTESIAN_POINT('',(-17.5,-3.,5.5862));
#3676=CARTESIAN_POINT('',(-17.5,8.,8.5862));
#3677=CARTESIAN_POINT('',(-17.5,13.,4.0862));
#3678=CARTESIAN_POINT('',(-17.5,13.,8.5862));
#3679=CARTESIAN_POINT('',(-17.5,11.4,4.0862));
#3680=CARTESIAN_POINT('',(-17.5,-13.,4.0862));
#3681=CARTESIAN_POINT('',(-17.5,-13.,4.0862));
#3682=CARTESIAN_POINT('Origin',(-19.64744126768,-0.5,8.5862));
#3683=CARTESIAN_POINT('',(17.5,-0.5,5.5862));
#3684=CARTESIAN_POINT('',(17.5,-0.5,8.5862));
#3685=CARTESIAN_POINT('',(-19.64744126768,-0.5,5.5862));
#3686=CARTESIAN_POINT('Origin',(-0.590071703574,0.5,5.5862));
#3687=CARTESIAN_POINT('',(17.5,1.5,5.5862));
#3688=CARTESIAN_POINT('',(17.5,6.75,5.5862));
#3689=CARTESIAN_POINT('',(18.467297860537,1.5,5.5862));
#3690=CARTESIAN_POINT('Origin',(18.467297860537,1.5,8.5862));
#3691=CARTESIAN_POINT('',(17.5,1.5,8.5862));
#3692=CARTESIAN_POINT('',(18.467297860537,1.5,8.5862));
#3693=CARTESIAN_POINT('',(17.5,1.5,8.5862));
#3694=CARTESIAN_POINT('Origin',(0.262220562643,-0.008589898861492,8.5862));
#3695=CARTESIAN_POINT('',(17.5,2.75,8.5862));
#3696=CARTESIAN_POINT('',(17.5,13.,8.5862));
#3697=CARTESIAN_POINT('',(-20.053169,2.75,8.5862));
#3698=CARTESIAN_POINT('Origin',(-20.053169,2.75,8.5862));
#3699=CARTESIAN_POINT('',(17.5,2.75,5.5862));
#3700=CARTESIAN_POINT('',(17.5,2.75,8.5862));
#3701=CARTESIAN_POINT('',(-20.053169,2.75,5.5862));
#3702=CARTESIAN_POINT('Origin',(-0.792935569731,3.75,5.5862));
#3703=CARTESIAN_POINT('',(17.5,4.75,5.5862));
#3704=CARTESIAN_POINT('',(17.5,8.375,5.5862));
#3705=CARTESIAN_POINT('',(18.467297860537,4.75,5.5862));
#3706=CARTESIAN_POINT('Origin',(18.467297860537,4.75,8.5862));
#3707=CARTESIAN_POINT('',(17.5,4.75,8.5862));
#3708=CARTESIAN_POINT('',(18.467297860537,4.75,8.5862));
#3709=CARTESIAN_POINT('',(17.5,4.75,8.5862));
#3710=CARTESIAN_POINT('Origin',(0.262220562643,-0.008589898861492,8.5862));
#3711=CARTESIAN_POINT('',(17.5,6.,8.5862));
#3712=CARTESIAN_POINT('',(17.5,13.,8.5862));
#3713=CARTESIAN_POINT('',(-20.13446526347,6.,8.5862));
#3714=CARTESIAN_POINT('Origin',(-20.13446526347,6.,8.5862));
#3715=CARTESIAN_POINT('',(17.5,6.,5.5862));
#3716=CARTESIAN_POINT('',(17.5,6.,8.5862));
#3717=CARTESIAN_POINT('',(-20.13446526347,6.,5.5862));
#3718=CARTESIAN_POINT('Origin',(-0.833583701469,7.,5.5862));
#3719=CARTESIAN_POINT('',(17.5,8.,5.5862));
#3720=CARTESIAN_POINT('',(17.5,10.,5.5862));
#3721=CARTESIAN_POINT('',(18.467297860537,8.,5.5862));
#3722=CARTESIAN_POINT('Origin',(18.467297860537,8.,8.5862));
#3723=CARTESIAN_POINT('',(17.5,8.,8.5862));
#3724=CARTESIAN_POINT('Origin',(-13.,13.,8.5862));
#3725=CARTESIAN_POINT('',(-17.5,13.,4.0862));
#3726=CARTESIAN_POINT('Origin',(-17.5,11.4,4.0862));
#3727=CARTESIAN_POINT('',(-17.5,11.4,4.0862));
#3728=CARTESIAN_POINT('Origin',(0.262220562643,-0.008589898861492,4.0862));
#3729=CARTESIAN_POINT('',(-14.6,-13.,4.0862));
#3730=CARTESIAN_POINT('Origin',(-16.05,-13.,4.0862));
#3731=CARTESIAN_POINT('',(-16.5,10.4,4.0862));
#3732=CARTESIAN_POINT('Origin',(-16.5,11.4,4.0862));
#3733=CARTESIAN_POINT('',(-11.4,10.4,4.0862));
#3734=CARTESIAN_POINT('',(-11.4,10.4,4.0862));
#3735=CARTESIAN_POINT('',(-10.4,11.4,4.0862));
#3736=CARTESIAN_POINT('Origin',(-11.4,11.4,4.0862));
#3737=CARTESIAN_POINT('',(-10.4,16.5,4.0862));
#3738=CARTESIAN_POINT('',(-10.4,16.5,4.0862));
#3739=CARTESIAN_POINT('',(-11.4,17.5,4.0862));
#3740=CARTESIAN_POINT('Origin',(-11.4,16.5,4.0862));
#3741=CARTESIAN_POINT('',(-8.,17.5,4.0862));
#3742=CARTESIAN_POINT('',(-13.,17.5,4.0862));
#3743=CARTESIAN_POINT('',(-7.,16.5,4.0862));
#3744=CARTESIAN_POINT('Origin',(-8.,16.5,4.0862));
#3745=CARTESIAN_POINT('',(-7.,11.5,4.0862));
#3746=CARTESIAN_POINT('',(-7.,11.5,4.0862));
#3747=CARTESIAN_POINT('',(-6.,10.5,4.0862));
#3748=CARTESIAN_POINT('Origin',(-6.,11.5,4.0862));
#3749=CARTESIAN_POINT('',(6.,10.5,4.0862));
#3750=CARTESIAN_POINT('',(6.,10.5,4.0862));
#3751=CARTESIAN_POINT('',(7.,11.5,4.0862));
#3752=CARTESIAN_POINT('Origin',(6.,11.5,4.0862));
#3753=CARTESIAN_POINT('',(7.,16.5,4.0862));
#3754=CARTESIAN_POINT('',(7.,16.5,4.0862));
#3755=CARTESIAN_POINT('',(8.,17.5,4.0862));
#3756=CARTESIAN_POINT('Origin',(8.,16.5,4.0862));
#3757=CARTESIAN_POINT('',(11.4,17.5,4.0862));
#3758=CARTESIAN_POINT('',(8.,17.5,4.0862));
#3759=CARTESIAN_POINT('',(10.4,16.5,4.0862));
#3760=CARTESIAN_POINT('Origin',(11.4,16.5,4.0862));
#3761=CARTESIAN_POINT('',(10.4,11.4,4.0862));
#3762=CARTESIAN_POINT('',(10.4,16.5,4.0862));
#3763=CARTESIAN_POINT('',(11.4,10.4,4.0862));
#3764=CARTESIAN_POINT('Origin',(11.4,11.4,4.0862));
#3765=CARTESIAN_POINT('',(16.5,10.4,4.0862));
#3766=CARTESIAN_POINT('',(11.4,10.4,4.0862));
#3767=CARTESIAN_POINT('',(17.5,11.4,4.0862));
#3768=CARTESIAN_POINT('Origin',(16.5,11.4,4.0862));
#3769=CARTESIAN_POINT('',(17.5,-11.24001273462,4.0862));
#3770=CARTESIAN_POINT('',(17.5,13.,4.0862));
#3771=CARTESIAN_POINT('',(16.5,-10.24001273462,4.0862));
#3772=CARTESIAN_POINT('Origin',(16.5,-11.24001273462,4.0862));
#3773=CARTESIAN_POINT('',(11.240012734622,-10.24001273462,4.0862));
#3774=CARTESIAN_POINT('',(11.240012734622,-10.24001273462,4.0862));
#3775=CARTESIAN_POINT('',(10.240012734622,-11.24001273462,4.0862));
#3776=CARTESIAN_POINT('Origin',(11.240012734622,-11.24001273462,4.0862));
#3777=CARTESIAN_POINT('',(10.240012734622,-16.5,4.0862));
#3778=CARTESIAN_POINT('',(9.240012734622,-10.75,4.0862));
#3779=CARTESIAN_POINT('Origin',(9.240012734622,-11.75,4.0862));
#3780=CARTESIAN_POINT('',(-2.259987265378,-10.75,4.0862));
#3781=CARTESIAN_POINT('',(-2.259987265378,-10.75,4.0862));
#3782=CARTESIAN_POINT('',(-3.259987265378,-11.75,4.0862));
#3783=CARTESIAN_POINT('Origin',(-2.259987265378,-11.75,4.0862));
#3784=CARTESIAN_POINT('',(-3.259987265378,-16.5,4.0862));
#3785=CARTESIAN_POINT('',(-3.259987265378,-16.5,4.0862));
#3786=CARTESIAN_POINT('',(-4.259987265378,-17.5,4.0862));
#3787=CARTESIAN_POINT('Origin',(-4.259987265378,-16.5,4.0862));
#3788=CARTESIAN_POINT('',(-4.259987265378,-17.5,4.0862));
#3789=CARTESIAN_POINT('',(-13.,-14.6,4.0862));
#3790=CARTESIAN_POINT('Origin',(-13.,-16.05,4.0862));
#3791=CARTESIAN_POINT('Origin',(-13.,-13.,4.0862));
#3792=CARTESIAN_POINT('',(-10.55308004316,-5.253112562497,4.0862));
#3793=CARTESIAN_POINT('',(-13.25021995683,-7.943587437503,4.0862));
#3794=CARTESIAN_POINT('Origin',(-11.90165,-6.59835,4.0862));
#3795=CARTESIAN_POINT('',(-7.942711856038,-13.26424368067,4.0862));
#3796=CARTESIAN_POINT('',(-13.25021995683,-7.943587437503,4.0862));
#3797=CARTESIAN_POINT('',(-5.245571942367,-10.57376880566,4.0862));
#3798=CARTESIAN_POINT('Origin',(-6.594141899202,-11.91900624317,4.0862));
#3799=CARTESIAN_POINT('',(-5.245571942367,-10.57376880566,4.0862));
#3800=CARTESIAN_POINT('',(4.158790352034,2.75982,4.0862));
#3801=CARTESIAN_POINT('Origin',(7.692183,2.75982,4.0862));
#3802=CARTESIAN_POINT('',(-15.255695585729,1.938922,4.0862));
#3803=CARTESIAN_POINT('Origin',(-10.350001,1.938922,4.0862));
#3804=CARTESIAN_POINT('Origin',(-4.259987265378,-17.5,8.5862));
#3805=CARTESIAN_POINT('',(-4.259987265378,-17.5,8.5862));
#3806=CARTESIAN_POINT('Origin',(-4.259987265378,-16.5,8.5862));
#3807=CARTESIAN_POINT('',(-3.259987265378,-16.5,8.5862));
#3808=CARTESIAN_POINT('Origin',(-3.259987265378,-16.5,8.5862));
#3809=CARTESIAN_POINT('',(-3.259987265378,-11.75,8.5862));
#3810=CARTESIAN_POINT('Origin',(-2.259987265378,-11.75,8.5862));
#3811=CARTESIAN_POINT('',(-2.259987265378,-10.75,8.5862));
#3812=CARTESIAN_POINT('Origin',(-2.259987265378,-10.75,8.5862));
#3813=CARTESIAN_POINT('',(9.240012734622,-10.75,8.5862));
#3814=CARTESIAN_POINT('',(9.240012734622,-10.75,8.5862));
#3815=CARTESIAN_POINT('Origin',(9.240012734622,-1.51874647016,8.5862));
#3816=CARTESIAN_POINT('',(12.113008953925,-10.29154160375,8.5862));
#3817=CARTESIAN_POINT('Origin',(13.,-13.,8.5862));
#3818=CARTESIAN_POINT('Origin',(11.240012734622,-16.5,8.5862));
#3819=CARTESIAN_POINT('',(10.240012734622,-16.5,4.0862));
#3820=CARTESIAN_POINT('',(11.240012734622,-17.5,4.0862));
#3821=CARTESIAN_POINT('',(11.240012734622,-17.5,4.0862));
#3822=CARTESIAN_POINT('',(11.240012734622,-17.5,8.5862));
#3823=CARTESIAN_POINT('Origin',(13.,-17.5,8.5862));
#3824=CARTESIAN_POINT('',(13.,-17.5,4.0862));
#3825=CARTESIAN_POINT('Origin',(17.5,13.,8.5862));
#3826=CARTESIAN_POINT('',(17.5,-1.75,5.5862));
#3827=CARTESIAN_POINT('',(17.5,-1.75,8.5862));
#3828=CARTESIAN_POINT('',(17.5,-3.75,5.5862));
#3829=CARTESIAN_POINT('',(17.5,5.125,5.5862));
#3830=CARTESIAN_POINT('',(17.5,-3.75,8.5862));
#3831=CARTESIAN_POINT('',(17.5,-5.,5.5862));
#3832=CARTESIAN_POINT('',(17.5,-5.,8.5862));
#3833=CARTESIAN_POINT('',(17.5,-7.,5.5862));
#3834=CARTESIAN_POINT('',(17.5,3.5,5.5862));
#3835=CARTESIAN_POINT('',(17.5,-7.,8.5862));
#3836=CARTESIAN_POINT('',(17.5,13.,4.0862));
#3837=CARTESIAN_POINT('',(17.5,13.,4.0862));
#3838=CARTESIAN_POINT('Origin',(-5.79278925614,-7.,8.5862));
#3839=CARTESIAN_POINT('',(-5.79278925614,-7.,5.5862));
#3840=CARTESIAN_POINT('',(-5.79278925614,-7.,5.5862));
#3841=CARTESIAN_POINT('',(-5.79278925614,-7.,8.5862));
#3842=CARTESIAN_POINT('Origin',(-5.79278925614,-6.,8.5862));
#3843=CARTESIAN_POINT('',(-5.79278925614,-5.,5.5862));
#3844=CARTESIAN_POINT('',(-5.79278925614,-5.,8.5862));
#3845=CARTESIAN_POINT('Origin',(-5.79278925614,-6.,5.5862));
#3846=CARTESIAN_POINT('Origin',(18.467297860537,-5.,8.5862));
#3847=CARTESIAN_POINT('',(18.467297860537,-5.,5.5862));
#3848=CARTESIAN_POINT('Origin',(-9.034758016992,-3.75,8.5862));
#3849=CARTESIAN_POINT('',(-9.034758016992,-3.75,5.5862));
#3850=CARTESIAN_POINT('',(-9.034758016992,-3.75,5.5862));
#3851=CARTESIAN_POINT('',(-9.034758016992,-3.75,8.5862));
#3852=CARTESIAN_POINT('Origin',(-9.034758016992,-2.75,8.5862));
#3853=CARTESIAN_POINT('',(-9.034758016992,-1.75,5.5862));
#3854=CARTESIAN_POINT('',(-9.034758016992,-1.75,8.5862));
#3855=CARTESIAN_POINT('Origin',(-9.034758016992,-2.75,5.5862));
#3856=CARTESIAN_POINT('Origin',(18.467297860537,-1.75,8.5862));
#3857=CARTESIAN_POINT('',(18.467297860537,-1.75,5.5862));
#3858=CARTESIAN_POINT('Origin',(-5.245571942367,-10.57376880566,8.5862));
#3859=CARTESIAN_POINT('',(-5.245571942367,-10.57376880566,8.5862));
#3860=CARTESIAN_POINT('',(-10.55308004316,-5.253112562497,8.5862));
#3861=CARTESIAN_POINT('Origin',(-6.594141899202,-11.91900624317,8.5862));
#3862=CARTESIAN_POINT('',(-6.007283213456,-13.73116009279,8.5862));
#3863=CARTESIAN_POINT('',(-7.942711856038,-13.26424368067,8.5862));
#3864=CARTESIAN_POINT('Origin',(-11.90165,-6.59835,8.5862));
#3865=CARTESIAN_POINT('',(-13.25021995683,-7.943587437503,8.5862));
#3866=CARTESIAN_POINT('Origin',(-12.12193529283,-15.71136540695,8.5862));
#3867=CARTESIAN_POINT('Origin',(8.,17.5,8.5862));
#3868=CARTESIAN_POINT('',(8.,17.5,8.5862));
#3869=CARTESIAN_POINT('',(8.,17.5,4.0862));
#3870=CARTESIAN_POINT('Origin',(8.,16.5,8.5862));
#3871=CARTESIAN_POINT('',(7.,16.5,8.5862));
#3872=CARTESIAN_POINT('Origin',(7.,16.5,8.5862));
#3873=CARTESIAN_POINT('',(7.,11.5,8.5862));
#3874=CARTESIAN_POINT('Origin',(6.,11.5,8.5862));
#3875=CARTESIAN_POINT('',(6.,10.5,8.5862));
#3876=CARTESIAN_POINT('Origin',(6.,10.5,8.5862));
#3877=CARTESIAN_POINT('',(-6.,10.5,8.5862));
#3878=CARTESIAN_POINT('Origin',(-6.,11.5,8.5862));
#3879=CARTESIAN_POINT('',(-7.,11.5,8.5862));
#3880=CARTESIAN_POINT('Origin',(-7.,11.5,8.5862));
#3881=CARTESIAN_POINT('',(-7.,16.5,8.5862));
#3882=CARTESIAN_POINT('Origin',(-8.,16.5,8.5862));
#3883=CARTESIAN_POINT('',(-8.,17.5,8.5862));
#3884=CARTESIAN_POINT('Origin',(-13.,17.5,8.5862));
#3885=CARTESIAN_POINT('',(-13.,17.5,4.0862));
#3886=CARTESIAN_POINT('Origin',(-16.5,11.4,4.0862));
#3887=CARTESIAN_POINT('',(-16.5,10.4,4.0862));
#3888=CARTESIAN_POINT('Origin',(-16.05,-13.,4.0862));
#3889=CARTESIAN_POINT('',(-14.6,-13.,1.5862));
#3890=CARTESIAN_POINT('',(-14.6,-13.,4.0862));
#3891=CARTESIAN_POINT('Origin',(-16.05,-13.,1.5862));
#3892=CARTESIAN_POINT('Origin',(-13.,-13.,8.5862));
#3893=CARTESIAN_POINT('',(-13.,-14.6,1.5862));
#3894=CARTESIAN_POINT('',(-13.,-14.6,4.0862));
#3895=CARTESIAN_POINT('Origin',(-13.,-13.,1.5862));
#3896=CARTESIAN_POINT('',(-14.6,-13.,8.5862));
#3897=CARTESIAN_POINT('Origin',(-13.,-16.05,4.0862));
#3898=CARTESIAN_POINT('Origin',(-13.,-16.05,1.5862));
#3899=CARTESIAN_POINT('Origin',(9.240012734622,-11.75,8.5862));
#3900=CARTESIAN_POINT('Origin',(10.240012734622,-16.5,4.0862));
#3901=CARTESIAN_POINT('',(10.240012734622,-11.24001273462,4.0862));
#3902=CARTESIAN_POINT('Origin',(11.240012734622,-11.24001273462,4.0862));
#3903=CARTESIAN_POINT('',(11.240012734622,-10.24001273462,4.0862));
#3904=CARTESIAN_POINT('Origin',(11.240012734622,-10.24001273462,4.0862));
#3905=CARTESIAN_POINT('',(16.5,-10.24001273462,4.0862));
#3906=CARTESIAN_POINT('Origin',(16.5,-11.24001273462,4.0862));
#3907=CARTESIAN_POINT('',(17.5,-11.24001273462,4.0862));
#3908=CARTESIAN_POINT('Origin',(16.5,11.4,4.0862));
#3909=CARTESIAN_POINT('',(16.5,10.4,4.0862));
#3910=CARTESIAN_POINT('',(17.5,11.4,4.0862));
#3911=CARTESIAN_POINT('Origin',(11.4,10.4,4.0862));
#3912=CARTESIAN_POINT('',(11.4,10.4,4.0862));
#3913=CARTESIAN_POINT('Origin',(11.4,11.4,4.0862));
#3914=CARTESIAN_POINT('',(10.4,11.4,4.0862));
#3915=CARTESIAN_POINT('Origin',(10.4,16.5,4.0862));
#3916=CARTESIAN_POINT('',(10.4,16.5,4.0862));
#3917=CARTESIAN_POINT('Origin',(11.4,16.5,4.0862));
#3918=CARTESIAN_POINT('',(11.4,17.5,4.0862));
#3919=CARTESIAN_POINT('Origin',(-11.4,16.5,4.0862));
#3920=CARTESIAN_POINT('',(-10.4,16.5,4.0862));
#3921=CARTESIAN_POINT('',(-11.4,17.5,4.0862));
#3922=CARTESIAN_POINT('Origin',(-10.4,16.5,4.0862));
#3923=CARTESIAN_POINT('',(-10.4,11.4,4.0862));
#3924=CARTESIAN_POINT('Origin',(-11.4,11.4,4.0862));
#3925=CARTESIAN_POINT('',(-11.4,10.4,4.0862));
#3926=CARTESIAN_POINT('Origin',(-11.4,10.4,4.0862));
#3927=CARTESIAN_POINT('Origin',(-13.25021995683,-7.943587437503,8.5862));
#3928=CARTESIAN_POINT('Origin',(7.692183,2.75982,4.0862));
#3929=CARTESIAN_POINT('',(4.158790352034,2.75982,2.8362));
#3930=CARTESIAN_POINT('',(4.158790352034,2.75982,4.0862));
#3931=CARTESIAN_POINT('Origin',(7.692183,2.75982,2.8362));
#3932=CARTESIAN_POINT('Origin',(-10.350001,1.938922,4.0862));
#3933=CARTESIAN_POINT('',(-15.255695585729,1.938922,2.5362));
#3934=CARTESIAN_POINT('',(-15.255695585729,1.938922,4.0862));
#3935=CARTESIAN_POINT('Origin',(-10.350001,1.938922,2.5362));
#3936=CARTESIAN_POINT('Origin',(13.,-17.5,4.0862));
#3937=CARTESIAN_POINT('Origin',(4.716269921772,-2.75,5.5862));
#3938=CARTESIAN_POINT('Origin',(6.337254302198,-6.,5.5862));
#3939=CARTESIAN_POINT('Origin',(17.5,-11.24001273462,4.0862));
#3940=CARTESIAN_POINT('Origin',(17.5,11.4,4.0862));
#3941=CARTESIAN_POINT('Origin',(13.,17.5,4.0862));
#3942=CARTESIAN_POINT('Origin',(-13.,17.5,4.0862));
#3943=CARTESIAN_POINT('Origin',(-13.,13.,8.5862));
#3944=CARTESIAN_POINT('',(-14.6,13.,8.5862));
#3945=CARTESIAN_POINT('Origin',(-14.74209099612,-14.74209099612,1.5862));
#3946=CARTESIAN_POINT('Origin',(7.692183,2.75982,2.8362));
#3947=CARTESIAN_POINT('Origin',(-10.350001,1.938922,2.5362));
#3948=CARTESIAN_POINT('Origin',(13.,-13.,8.5862));
#3949=CARTESIAN_POINT('',(11.4,-13.,8.5862));
#3950=CARTESIAN_POINT('Origin',(13.,13.,8.5862));
#3951=CARTESIAN_POINT('',(11.4,13.,8.5862));
#3952=CARTESIAN_POINT('',(0.,0.,0.));
#3953=UNCERTAINTY_MEASURE_WITH_UNIT(LENGTH_MEASURE(0.01),#3959,
'DISTANCE_ACCURACY_VALUE',
'Maximum model space distance between geometric entities at asserted c
onnectivities');
#3954=UNCERTAINTY_MEASURE_WITH_UNIT(LENGTH_MEASURE(0.01),#3959,
'DISTANCE_ACCURACY_VALUE',
'Maximum model space distance between geometric entities at asserted c
onnectivities');
#3955=UNCERTAINTY_MEASURE_WITH_UNIT(LENGTH_MEASURE(0.01),#3959,
'DISTANCE_ACCURACY_VALUE',
'Maximum model space distance between geometric entities at asserted c
onnectivities');
#3956=(
GEOMETRIC_REPRESENTATION_CONTEXT(3)
GLOBAL_UNCERTAINTY_ASSIGNED_CONTEXT((#3953))
GLOBAL_UNIT_ASSIGNED_CONTEXT((#3959,#3961,#3962))
REPRESENTATION_CONTEXT('','3D')
);
#3957=(
GEOMETRIC_REPRESENTATION_CONTEXT(3)
GLOBAL_UNCERTAINTY_ASSIGNED_CONTEXT((#3954))
GLOBAL_UNIT_ASSIGNED_CONTEXT((#3959,#3961,#3962))
REPRESENTATION_CONTEXT('','3D')
);
#3958=(
GEOMETRIC_REPRESENTATION_CONTEXT(3)
GLOBAL_UNCERTAINTY_ASSIGNED_CONTEXT((#3955))
GLOBAL_UNIT_ASSIGNED_CONTEXT((#3959,#3961,#3962))
REPRESENTATION_CONTEXT('','3D')
);
#3959=(
LENGTH_UNIT()
NAMED_UNIT(*)
SI_UNIT(.MILLI.,.METRE.)
);
#3960=(
LENGTH_UNIT()
NAMED_UNIT(*)
SI_UNIT($,.METRE.)
);
#3961=(
NAMED_UNIT(*)
PLANE_ANGLE_UNIT()
SI_UNIT($,.RADIAN.)
);
#3962=(
NAMED_UNIT(*)
SI_UNIT($,.STERADIAN.)
SOLID_ANGLE_UNIT()
);
#3963=SHAPE_DEFINITION_REPRESENTATION(#3965,#3968);
#3964=SHAPE_DEFINITION_REPRESENTATION(#3966,#3969);
#3965=PRODUCT_DEFINITION_SHAPE('',$,#3971);
#3966=PRODUCT_DEFINITION_SHAPE('',$,#3972);
#3967=PRODUCT_DEFINITION_SHAPE($,$,#14);
#3968=SHAPE_REPRESENTATION('',(#2355,#2578),#3956);
#3969=SHAPE_REPRESENTATION('',(#2356),#3957);
#3970=PRODUCT_DEFINITION_CONTEXT('part definition',#3978,'design');
#3971=PRODUCT_DEFINITION('2025-12-23-02-50-02-468',
'heatsink-nema-14-17',#3973,#3970);
#3972=PRODUCT_DEFINITION('2025-12-23-02-50-02-468_1','SOLID (14)',#3974,
#3970);
#3973=PRODUCT_DEFINITION_FORMATION('',$,#3980);
#3974=PRODUCT_DEFINITION_FORMATION('',$,#3981);
#3975=PRODUCT_RELATED_PRODUCT_CATEGORY('heatsink-nema-14-17',
'heatsink-nema-14-17',(#3980));
#3976=PRODUCT_RELATED_PRODUCT_CATEGORY('SOLID (14)','SOLID (14)',(#3981));
#3977=APPLICATION_PROTOCOL_DEFINITION('international standard',
'automotive_design',2009,#3978);
#3978=APPLICATION_CONTEXT(
'Core Data for Automotive Mechanical Design Process');
#3979=PRODUCT_CONTEXT('part definition',#3978,'mechanical');
#3980=PRODUCT('2025-12-23-02-50-02-468','heatsink-nema-14-17',$,(#3979));
#3981=PRODUCT('2025-12-23-02-50-02-468_1','SOLID (14)',$,(#3979));
#3982=PRESENTATION_STYLE_ASSIGNMENT((#3984));
#3983=PRESENTATION_STYLE_ASSIGNMENT((#3985));
#3984=SURFACE_STYLE_USAGE(.BOTH.,#3986);
#3985=SURFACE_STYLE_USAGE(.BOTH.,#3987);
#3986=SURFACE_SIDE_STYLE('',(#3988));
#3987=SURFACE_SIDE_STYLE('',(#3989));
#3988=SURFACE_STYLE_FILL_AREA(#3990);
#3989=SURFACE_STYLE_FILL_AREA(#3991);
#3990=FILL_AREA_STYLE('Steel - Satin',(#3992));
#3991=FILL_AREA_STYLE('Opaque(204,204,204)',(#3993));
#3992=FILL_AREA_STYLE_COLOUR('Steel - Satin',#3994);
#3993=FILL_AREA_STYLE_COLOUR('Opaque(204,204,204)',#3995);
#3994=COLOUR_RGB('Steel - Satin',0.627450980392157,0.627450980392157,0.627450980392157);
#3995=COLOUR_RGB('Opaque(204,204,204)',0.8,0.8,0.8);
ENDSEC;
END-ISO-10303-21;
